LAT,LON,SSID,TYPE
40.7359999997,-73.9903999999,unionsquarewifi,Partner Site
40.693,-74.0019,attwifi,Free
40.703,-74.0168,attwifi,Free
40.6915,-73.9755,attwifi,Free
40.6898,-73.9462,attwifi,Free
40.7016,-74.0149,attwifi,Free
40.7015,-73.9943,attwifi,Free
40.8285,-73.9227,attwifi,Free
40.8631,-73.9065,attwifi,Free
40.6509,-73.9683,attwifi,Free
40.7201,-73.9502,attwifi,Free
40.7729,-73.974,attwifi,Free
40.771,-73.9709,attwifi,Free
40.7721,-73.9771,attwifi,Free
40.768,-73.9712,attwifi,Free
40.8048,-73.9443,attwifi,Free
40.8292,-73.9361,attwifi,Free
40.8177,-73.8811,attwifi,Free
40.7474,-74.0051,attwifi,Free
40.589,-74.0667,attwifi,Free
40.7148,-74.0028,attwifi,Free
40.7265,-73.9817,attwifi,Free
40.7221,-73.8466,attwifi,Free
40.777,-73.9252,attwifi,Free
40.7931,-73.9354,attwifi,Free
40.7432,-73.8443,attwifi,Limited Free
40.6943,-73.9988,attwifi,Free
40.6173,-74.1063,attwifi,Free
40.822008,-73.953676,TransitWirelessWiFi,Free
40.814229,-73.94077,TransitWirelessWiFi,Free
40.807745,-73.945502,TransitWirelessWiFi,Free
40.807722,-73.96411,TransitWirelessWiFi,Free
40.779492,-73.955589,TransitWirelessWiFi,Free
40.805085,-73.954882,TransitWirelessWiFi,Free
40.798629,-73.941617,TransitWirelessWiFi,Free
40.826551,-73.95036,TransitWirelessWiFi,Free
40.804138,-73.937594,TransitWirelessWiFi,Free
40.813224,-73.929849,TransitWirelessWiFi,Free
40.810476,-73.926138,TransitWirelessWiFi,Free
40.817894,-73.947649,TransitWirelessWiFi,Free
40.81841,-73.926718,TransitWirelessWiFi,Free
40.818375,-73.927351,TransitWirelessWiFi,Free
40.811109,-73.952343,TransitWirelessWiFi,Free
40.737826,-74.000201,TransitWirelessWiFi,Free
40.740893,-74.00169,TransitWirelessWiFi,Free
40.737335,-73.996786,TransitWirelessWiFi,Free
40.820421,-73.936245,TransitWirelessWiFi,Free
40.74104,-73.997871,TransitWirelessWiFi,Free
40.744081,-73.995657,TransitWirelessWiFi,Free
40.745906,-73.998041,TransitWirelessWiFi,Free
40.741303,-73.989344,TransitWirelessWiFi,Free
40.742878,-73.992821,TransitWirelessWiFi,Free
40.738228,-73.996209,TransitWirelessWiFi,Free
40.82388,-73.93647,TransitWirelessWiFi,Free
40.824783,-73.944216,TransitWirelessWiFi,Free
40.718611,-73.988114,TransitWirelessWiFi,Free
40.777925,-73.951753,TransitWirelessWiFi,Free
40.768775,-73.958386,TransitWirelessWiFi,Free
40.759145,-73.95326,TransitWirelessWiFi,Free
40.76463,-73.966115,TransitWirelessWiFi,Free
40.784267,-73.947114,TransitWirelessWiFi,Free
40.71417,-73.999153,TransitWirelessWiFi,Free
40.710368,-74.009509,TransitWirelessWiFi,Free
40.710374,-74.007582,TransitWirelessWiFi,Free
40.7596,-73.83003,TransitWirelessWiFi,Free
40.713715,-73.990173,TransitWirelessWiFi,Free
40.812118,-73.904098,TransitWirelessWiFi,Free
40.808719,-73.907657,TransitWirelessWiFi,Free
40.865491,-73.927271,TransitWirelessWiFi,Free
40.718315,-73.987437,TransitWirelessWiFi,Free
40.805368,-73.914042,TransitWirelessWiFi,Free
40.830135,-73.938209,TransitWirelessWiFi,Free
40.799075,-73.951822,TransitWirelessWiFi,Free
40.800605,-73.958159,TransitWirelessWiFi,Free
40.803967,-73.966847,TransitWirelessWiFi,Free
40.77362,-73.959874,TransitWirelessWiFi,Free
40.768141,-73.96387,TransitWirelessWiFi,Free
40.855225,-73.929412,TransitWirelessWiFi,Free
40.859022,-73.93418,TransitWirelessWiFi,Free
40.851695,-73.937969,TransitWirelessWiFi,Free
40.847391,-73.939704,TransitWirelessWiFi,Free
40.836013,-73.939892,TransitWirelessWiFi,Free
40.710688,-74.011029,TransitWirelessWiFi,Free
40.79502,-73.94425,TransitWirelessWiFi,Free
40.834041,-73.94489,TransitWirelessWiFi,Free
40.830518,-73.941514,TransitWirelessWiFi,Free
40.802098,-73.949625,TransitWirelessWiFi,Free
40.726523,-73.852719,TransitWirelessWiFi,Free
40.796092,-73.961454,TransitWirelessWiFi,Free
40.7906,-73.947478,TransitWirelessWiFi,Free
40.768247,-73.981929,TransitWirelessWiFi,Free
40.768296,-73.981736,TransitWirelessWiFi,Free
40.760167,-73.975224,TransitWirelessWiFi,Free
40.764811,-73.973347,TransitWirelessWiFi,Free
40.753821,-73.981963,TransitWirelessWiFi,Free
40.77344,-73.982209,TransitWirelessWiFi,Free
40.778453,-73.98197,TransitWirelessWiFi,Free
40.775594,-73.97641,TransitWirelessWiFi,Free
40.783934,-73.979917,TransitWirelessWiFi,Free
40.762862,-73.981637,TransitWirelessWiFi,Free
40.739777,-74.002578,TransitWirelessWiFi,Free
40.781433,-73.972143,TransitWirelessWiFi,Free
40.788644,-73.976218,TransitWirelessWiFi,Free
40.785868,-73.968916,TransitWirelessWiFi,Free
40.791644,-73.964694,TransitWirelessWiFi,Free
40.764664,-73.980658,TransitWirelessWiFi,Free
40.763971,-73.977451,TransitWirelessWiFi,Free
40.761728,-73.983849,TransitWirelessWiFi,Free
40.749567,-73.98795,TransitWirelessWiFi,Free
40.710197,-74.007691,TransitWirelessWiFi,Free
40.739864,-73.986599,TransitWirelessWiFi,Free
40.747215,-73.993365,TransitWirelessWiFi,Free
40.745494,-73.988691,TransitWirelessWiFi,Free
40.74307,-73.984264,TransitWirelessWiFi,Free
40.746081,-73.982076,TransitWirelessWiFi,Free
40.755477,-73.987691,TransitWirelessWiFi,Free
40.762456,-73.985984,TransitWirelessWiFi,Free
40.749719,-73.987823,TransitWirelessWiFi,Free
40.754222,-73.984569,TransitWirelessWiFi,Free
40.85041,-73.905227,TransitWirelessWiFi,Free
40.757308,-73.989735,TransitWirelessWiFi,Free
40.758663,-73.981329,TransitWirelessWiFi,Free
40.759901,-73.984139,TransitWirelessWiFi,Free
40.793919,-73.972323,TransitWirelessWiFi,Free
40.751431,-73.976041,TransitWirelessWiFi,Free
40.751776,-73.976848,TransitWirelessWiFi,Free
40.71047,-73.793604,TransitWirelessWiFi,Free
40.712646,-73.783817,TransitWirelessWiFi,Free
40.737015,-73.877223,TransitWirelessWiFi,Free
40.752039,-73.928781,TransitWirelessWiFi,Free
40.748973,-73.937243,TransitWirelessWiFi,Free
40.756879,-73.92074,TransitWirelessWiFi,Free
40.707564,-73.803326,TransitWirelessWiFi,Free
40.729846,-73.861604,TransitWirelessWiFi,Free
40.70546,-73.810708,TransitWirelessWiFi,Free
40.734673,-73.989951,TransitWirelessWiFi,Free
40.700486,-73.807969,TransitWirelessWiFi,Free
40.718331,-73.837324,TransitWirelessWiFi,Free
40.714441,-73.831008,TransitWirelessWiFi,Free
40.746644,-73.891338,TransitWirelessWiFi,Free
40.799446,-73.968379,TransitWirelessWiFi,Free
40.702147,-73.801109,TransitWirelessWiFi,Free
40.721691,-73.844521,TransitWirelessWiFi,Free
40.755983,-73.986229,TransitWirelessWiFi,Free
40.747846,-73.946,TransitWirelessWiFi,Free
40.754672,-73.986754,TransitWirelessWiFi,Free
40.75529,-73.987495,TransitWirelessWiFi,Free
40.752769,-73.979189,TransitWirelessWiFi,Free
40.754203,-73.942836,TransitWirelessWiFi,Free
40.742626,-73.953581,TransitWirelessWiFi,Free
40.742216,-73.948916,TransitWirelessWiFi,Free
40.746554,-73.943832,TransitWirelessWiFi,Free
40.709179,-73.820574,TransitWirelessWiFi,Free
40.744065,-73.949724,TransitWirelessWiFi,Free
40.749669,-73.898453,TransitWirelessWiFi,Free
40.733106,-73.869229,TransitWirelessWiFi,Free
40.756312,-73.913333,TransitWirelessWiFi,Free
40.752885,-73.906006,TransitWirelessWiFi,Free
40.742454,-73.882017,TransitWirelessWiFi,Free
40.755839,-74.001961,TransitWirelessWiFi,Free
40.709416,-74.006571,TransitWirelessWiFi,Free
40.680829,-73.975098,TransitWirelessWiFi,Free
40.706607,-73.922913,TransitWirelessWiFi,Free
40.70722,-74.013342,TransitWirelessWiFi,Free
40.714063,-73.950275,TransitWirelessWiFi,Free
40.712792,-73.951418,TransitWirelessWiFi,Free
40.718803,-74.000193,TransitWirelessWiFi,Free
40.688246,-73.980492,TransitWirelessWiFi,Free
40.706821,-74.0091,TransitWirelessWiFi,Free
40.713051,-74.008811,TransitWirelessWiFi,Free
40.707513,-74.013783,TransitWirelessWiFi,Free
40.715478,-74.009266,TransitWirelessWiFi,Free
40.719318,-74.006886,TransitWirelessWiFi,Free
40.722854,-74.006277,TransitWirelessWiFi,Free
40.718267,-73.993753,TransitWirelessWiFi,Free
40.712582,-74.009781,TransitWirelessWiFi,Free
40.714111,-74.008585,TransitWirelessWiFi,Free
40.720824,-74.005229,TransitWirelessWiFi,Free
40.713243,-74.003401,TransitWirelessWiFi,Free
40.725915,-73.994659,TransitWirelessWiFi,Free
40.707557,-74.011862,TransitWirelessWiFi,Free
40.807566,-73.91924,TransitWirelessWiFi,Free
40.711926,-73.94067,TransitWirelessWiFi,Free
40.67705,-73.972367,TransitWirelessWiFi,Free
40.68446,-73.97689,TransitWirelessWiFi,Free
40.648939,-74.010006,TransitWirelessWiFi,Free
40.655144,-74.003549,TransitWirelessWiFi,Free
40.670847,-73.988302,TransitWirelessWiFi,Free
40.677316,-73.98311,TransitWirelessWiFi,Free
40.706476,-74.011056,TransitWirelessWiFi,Free
40.683666,-73.97881,TransitWirelessWiFi,Free
40.690635,-73.981824,TransitWirelessWiFi,Free
40.69218,-73.985942,TransitWirelessWiFi,Free
40.6941,-73.991777,TransitWirelessWiFi,Free
40.713065,-74.004131,TransitWirelessWiFi,Free
40.725297,-73.996204,TransitWirelessWiFi,Free
40.726227,-74.003739,TransitWirelessWiFi,Free
40.732338,-74.000495,TransitWirelessWiFi,Free
40.730953,-73.981628,TransitWirelessWiFi,Free
40.839306,-73.9134,TransitWirelessWiFi,Free
40.757552,-73.969055,TransitWirelessWiFi,Free
40.827905,-73.925651,TransitWirelessWiFi,Free
40.8459,-73.910136,TransitWirelessWiFi,Free
40.76266,-73.967258,TransitWirelessWiFi,Free
40.820948,-73.890549,TransitWirelessWiFi,Free
40.833773,-73.918438,TransitWirelessWiFi,Free
40.866978,-73.893509,TransitWirelessWiFi,Free
40.757107,-73.97192,TransitWirelessWiFi,Free
40.873244,-73.887138,TransitWirelessWiFi,Free
40.874811,-73.878855,TransitWirelessWiFi,Free
40.723402,-73.989938,TransitWirelessWiFi,Free
40.816104,-73.896435,TransitWirelessWiFi,Free
40.702566,-73.816859,TransitWirelessWiFi,Free
40.868072,-73.919899,TransitWirelessWiFi,Free
40.762526,-73.967967,TransitWirelessWiFi,Free
40.861296,-73.897749,TransitWirelessWiFi,Free
40.732849,-73.986122,TransitWirelessWiFi,Free
40.728251,-74.005367,TransitWirelessWiFi,Free
40.718092,-73.999892,TransitWirelessWiFi,Free
40.72028,-73.993915,TransitWirelessWiFi,Free
40.713282,-74.006978,TransitWirelessWiFi,Free
40.718383,-74.00046,TransitWirelessWiFi,Free
40.719527,-74.001775,TransitWirelessWiFi,Free
40.730328,-73.992629,TransitWirelessWiFi,Free
40.733422,-74.002906,TransitWirelessWiFi,Free
40.816109,-73.917757,TransitWirelessWiFi,Free
40.724329,-73.997702,TransitWirelessWiFi,Free
40.724635,-73.951277,TransitWirelessWiFi,Free
40.731352,-73.954449,TransitWirelessWiFi,Free
40.714565,-73.944053,TransitWirelessWiFi,Free
40.717304,-73.956872,TransitWirelessWiFi,Free
40.856093,-73.900741,TransitWirelessWiFi,Free
40.706152,-73.933147,TransitWirelessWiFi,Free
40.722301,-73.997141,TransitWirelessWiFi,Free
40.703811,-73.918425,TransitWirelessWiFi,Free
40.662742,-73.95085,TransitWirelessWiFi,Free
40.730054,-73.99107,TransitWirelessWiFi,Free
40.632836,-73.947642,TransitWirelessWiFi,Free
40.639967,-73.948411,TransitWirelessWiFi,Free
40.645098,-73.948959,TransitWirelessWiFi,Free
40.650843,-73.949575,TransitWirelessWiFi,Free
40.656652,-73.9502,TransitWirelessWiFi,Free
40.667883,-73.950683,TransitWirelessWiFi,Free
40.704817,-74.014065,TransitWirelessWiFi,Free
40.668897,-73.932942,TransitWirelessWiFi,Free
40.669399,-73.942161,TransitWirelessWiFi,Free
40.669847,-73.950466,TransitWirelessWiFi,Free
40.670682,-73.958131,TransitWirelessWiFi,Free
40.671987,-73.964375,TransitWirelessWiFi,Free
40.675235,-73.971046,TransitWirelessWiFi,Free
40.692404,-73.990151,TransitWirelessWiFi,Free
40.707739,-73.93985,TransitWirelessWiFi,Free
40.690545,-73.985065,TransitWirelessWiFi,Free
40.616622,-74.030876,TransitWirelessWiFi,Free
40.840556,-73.940133,TransitWirelessWiFi,Free
40.849505,-73.933596,TransitWirelessWiFi,Free
40.644041,-73.979678,TransitWirelessWiFi,Free
40.666271,-73.980305,TransitWirelessWiFi,Free
40.840719,-73.939561,TransitWirelessWiFi,Free
40.734789,-73.99073,TransitWirelessWiFi,Free
40.622687,-74.028398,TransitWirelessWiFi,Free
40.752287,-73.993391,TransitWirelessWiFi,Free
40.629742,-74.02551,TransitWirelessWiFi,Free
40.699814,-73.911586,TransitWirelessWiFi,Free
40.660397,-73.998091,TransitWirelessWiFi,Free
40.703087,-74.012994,TransitWirelessWiFi,Free
40.735736,-73.990568,TransitWirelessWiFi,Free
40.750373,-73.991057,TransitWirelessWiFi,Free
40.684359,-73.977666,TransitWirelessWiFi,Free
40.641362,-74.017881,TransitWirelessWiFi,Free
40.693219,-73.989998,TransitWirelessWiFi,Free
40.683263,-73.965838,TransitWirelessWiFi,Free
40.67834,-73.911946,TransitWirelessWiFi,Free
40.678822,-73.920786,TransitWirelessWiFi,Free
40.679364,-73.930729,TransitWirelessWiFi,Free
40.679921,-73.940859,TransitWirelessWiFi,Free
40.680438,-73.950426,TransitWirelessWiFi,Free
40.68138,-73.956848,TransitWirelessWiFi,Free
40.686113,-73.973946,TransitWirelessWiFi,Free
40.674542,-73.896548,TransitWirelessWiFi,Free
40.692338,-73.987342,TransitWirelessWiFi,Free
40.699337,-73.990531,TransitWirelessWiFi,Free
40.682829,-73.905249,TransitWirelessWiFi,Free
40.688764,-73.904046,TransitWirelessWiFi,Free
40.687119,-73.975375,TransitWirelessWiFi,Free
40.695602,-73.904084,TransitWirelessWiFi,Free
40.678334,-73.905316,TransitWirelessWiFi,Free
40.688484,-73.985001,TransitWirelessWiFi,Free
40.785672,-73.95107,TransitWirelessWiFi,Free
40.660365,-73.979493,TransitWirelessWiFi,Free
40.688873,-73.96007,TransitWirelessWiFi,Free
40.688089,-73.966839,TransitWirelessWiFi,Free
40.689627,-73.953522,TransitWirelessWiFi,Free
40.694568,-73.949046,TransitWirelessWiFi,Free
40.706092,-73.950308,TransitWirelessWiFi,Free
40.650782,-73.975776,TransitWirelessWiFi,Free
40.700377,-73.950234,TransitWirelessWiFi,Free
40.680303,-73.995048,TransitWirelessWiFi,Free
40.67271,-73.890358,TransitWirelessWiFi,Free
40.699743,-73.986885,TransitWirelessWiFi,Free
40.67413,-73.88075,TransitWirelessWiFi,Free
40.677044,-73.86505,TransitWirelessWiFi,Free
40.675377,-73.872106,TransitWirelessWiFi,Free
40.686145,-73.990862,TransitWirelessWiFi,Free
40.7575456796,-73.7843029637,QBPL_WIRELESS,Free
40.7330342416,-73.8098798843,QBPL_WIRELESS,Free
40.676952728,-73.7456735613,QBPL_WIRELESS,Free
40.7415435746,-73.7822740472,QBPL_WIRELESS,Free
40.7508940804,-73.861976844,QBPL_WIRELESS,Free
40.7768170122,-73.9094170178,QBPL_WIRELESS,Free
40.7408087817,-73.9216691603,QBPL_WIRELESS,Free
40.7269953701,-73.8931045649,QBPL_WIRELESS,Free
40.7577740683,-73.8288846851,QBPL_WIRELESS,Free
40.7624221297,-73.87386663,QBPL_WIRELESS,Free
40.7344862637,-73.7556816711,QBPL_WIRELESS,Free
40.7374341379,-73.8616559293,QBPL_WIRELESS,Free
40.7711255247,-73.8269158096,QBPL_WIRELESS,Free
40.6947772916,-73.7396425691,QBPL_WIRELESS,Free
40.7100345578,-73.8194531201,QBPL_WIRELESS,Free
40.7885314443,-73.8107165591,QBPL_WIRELESS,Free
40.7577118988,-73.8682002957,QBPL_WIRELESS,Free
40.7737521088,-73.796343186,QBPL_WIRELESS,Free
40.7470624208,-73.9442436779,QBPL_WIRELESS,Free
40.6599636231,-73.7399110132,QBPL_WIRELESS,Free
40.7637503163,-73.8098334843,QBPL_WIRELESS,Free
40.7221469532,-73.8430149968,QBPL_WIRELESS,Free
40.786249136,-73.8460132784,QBPL_WIRELESS,Free
40.7825312039,-73.777008814,QBPL_WIRELESS,Free
40.7351569903,-73.7170989707,QBPL_WIRELESS,Free
40.6747769261,-73.8092618174,QBPL_WIRELESS,Free
40.6925280532,-73.760108788,QBPL_WIRELESS,Free
40.5858394078,-73.8160616201,QBPL_WIRELESS,Free
40.7501960856,-73.8850693247,QBPL_WIRELESS,Free
40.757803428,-73.939309302,QBPL_WIRELESS,Free
40.5793908722,-73.8377356028,QBPL_WIRELESS,Free
40.7601255812,-73.7683619807,QBPL_WIRELESS,Free
40.7059620938,-73.7944075307,QBPL_WIRELESS,Free
40.7385814574,-73.8767587664,QBPL_WIRELESS,Free
40.758529267,-73.9186233204,QBPL_WIRELESS,Free
40.700765268,-73.8316254169,QBPL_WIRELESS,Free
40.6808618482,-73.8464887284,QBPL_WIRELESS,Free
40.7111856291,-73.8536727785,QBPL_WIRELESS,Free
40.6007321052,-73.8200526582,QBPL_WIRELESS,Free
40.6955401466,-73.7902273917,QBPL_WIRELESS,Free
40.604772113,-73.7520918927,QBPL_WIRELESS,Free
40.7051723129,-73.902572375,QBPL_WIRELESS,Free
40.6638044606,-73.8417968638,QBPL_WIRELESS,Free
40.7292529463,-73.7819089166,QBPL_WIRELESS,Free
40.745341713,-73.9097937387,QBPL_WIRELESS,Free
40.7606431176,-73.9364719875,QBPL_WIRELESS,Free
40.6869072882,-73.8248296985,QBPL_WIRELESS,Free
40.7025766648,-73.8757971089,QBPL_WIRELESS,Free
40.6803113116,-73.7916786111,QBPL_WIRELESS,Free
40.7592451348,-73.7318266816,QBPL_WIRELESS,Free
40.7201684296,-73.7623041123,QBPL_WIRELESS,Free
40.7552001994,-73.9442238947,QBPL_WIRELESS,Free
40.6728752044,-73.7705902161,QBPL_WIRELESS,Free
40.7259184856,-73.8207190696,QBPL_WIRELESS,Free
40.768225432,-73.7382294408,QBPL_WIRELESS,Free
40.7129435708,-73.8808642734,QBPL_WIRELESS,Free
40.7429309465,-73.8251699639,QBPL_WIRELESS,Free
40.7451505182,-73.7148377572,QBPL_WIRELESS,Free
40.593146783,-73.7840400286,QBPL_WIRELESS,Free
40.7273165603,-73.864502826,QBPL_WIRELESS,Free
40.7070105556,-73.7537966712,QBPL_WIRELESS,Free
40.6945465785,-73.8614464594,QBPL_WIRELESS,Free
40.7723828899,-73.9287188126,QBPL_WIRELESS,Free
40.7078731318,-73.7946780399,QBPL_WIRELESS,Free
40.7198855543,-73.7390438189,QBPL_WIRELESS,Free
40.866804429,-73.8632224848,NYPL,Free
40.8494940806,-73.9175775272,NYPL,Free
40.9004399098,-73.867942,NYPL,Free
40.8480291101,-73.8569578538,NYPL,Free
40.874379814,-73.8783843503,NYPL,Free
40.8629806052,-73.8945028865,NYPL,Free
40.6095774994,-74.1485024503,NYPL,Free
40.834515209,-73.9396745829,NYPL,Free
40.8256723738,-73.9480324189,NYPL,Free
40.9037227771,-73.9027725428,NYPL,Free
40.7959199908,-73.9678485166,NYPL,Free
40.8446740907,-73.8830446904,NYPL,Free
40.8061604421,-73.9433155984,NYPL,Free
40.8379589117,-73.9235396129,NYPL,Free
40.8115962129,-73.9243663402,NYPL,Free
40.8299928753,-73.8750206002,NYPL,Free
40.8265670801,-73.9359395884,NYPL,Free
40.8476919036,-73.786366589,NYPL,Free
40.5340582999,-74.193236856,NYPL,Free
40.8803222773,-73.9079833715,NYPL,Free
40.7568571776,-73.9726324717,NYPL,Free
40.7289209029,-73.9877837339,NYPL,Free
40.8478700412,-73.9338659131,NYPL,Free
40.7540678756,-73.9735677168,NYPL,Free
40.7240963609,-73.995698993,NYPL,Free
40.8030181614,-73.9348475633,NYPL,Free
40.7735069912,-73.9845468452,NYPL,Free
40.7942156129,-73.9434510796,NYPL,Free
40.8862733773,-73.9146700146,NYPL,Free
40.7736058206,-73.9564040689,NYPL,Free
40.8888948958,-73.8408371279,NYPL,Free
40.7848346367,-73.9774521159,NYPL,Free
40.8411050877,-73.8466216551,NYPL,Free
40.8657295413,-73.9258533096,NYPL,Free
40.8137734314,-73.9570639052,NYPL,Free
40.7742029054,-73.9844546501,NYPL,Free
40.7649150063,-73.9595499458,NYPL,Free
40.7706525435,-73.951341694,NYPL,Free
40.7621860177,-73.9693817047,NYPL,Free
40.8186874033,-73.8941356433,NYPL,Free
40.6345089423,-74.1148218734,NYPL,Free
40.7380871204,-73.9820488896,NYPL,Free
40.7144564597,-73.9885372705,NYPL,Free
40.8146886279,-73.9409529891,NYPL,Free
40.8440019118,-73.9100871445,NYPL,Free
40.870139703,-73.8450642753,NYPL,Free
40.5719318484,-74.1119581475,NYPL,Free
40.8910850654,-73.8595812441,NYPL,Free
40.7438226298,-73.9799076544,NYPL,Free
40.8206415647,-73.9046288601,NYPL,Free
40.7404654556,-73.9933569112,NYPL,Free
40.8690393929,-73.9011937916,NYPL,Free
40.8337362974,-73.8583552177,NYPL,Free
40.802979882,-73.9535307443,NYPL,Free
40.5524232628,-74.1511116431,NYPL,Free
40.7136065153,-74.0078616724,NYPL,Free
40.7193972838,-73.9796055959,NYPL,Free
40.7859597986,-73.9518056716,NYPL,Free
40.7346055255,-73.9991692843,NYPL,Free
40.7649346184,-73.9912208178,NYPL,Free
40.6262376099,-74.0778460903,NYPL,Free
40.7273073125,-73.9804076673,NYPL,Free
40.7481246964,-73.9830630999,NYPL,Free
40.7612533724,-73.9501658898,NYPL,Free
40.8266092254,-73.8501814579,NYPL,Free
40.8460423249,-73.8983402556,NYPL,Free
40.8229035714,-73.8190936365,NYPL,Free
40.7518915617,-73.9816985108,NYPL,Free
40.8705019246,-73.8286579311,NYPL,Free
40.7133330705,-73.9964898664,NYPL,Free
40.5095311239,-74.2441067083,NYPL,Free
40.8543469054,-73.8878894289,NYPL,Free
40.590391336,-74.1011372894,NYPL,Free
40.5665301462,-74.1385338765,NYPL,Free
40.7531840458,-73.9821581041,NYPL,Free
40.7299829146,-74.0053310145,NYPL,Free
40.8060908156,-73.9647620603,NYPL,Free
40.8148204092,-73.941197673,NYPL,Free
40.8574218942,-73.9093163503,NYPL,Free
40.8548777848,-73.8641435801,NYPL,Free
40.5958181468,-74.0629804652,NYPL,Free
40.7445100483,-73.9959597161,NYPL,Free
40.6417853679,-74.0766457652,NYPL,Free
40.8442926727,-73.8278899073,NYPL,Free
40.8827597562,-73.8939224115,NYPL,Free
40.8265919268,-73.9175826513,NYPL,Free
40.7154881544,-74.0162138359,NYPL,Free
40.8312637226,-73.9017889765,NYPL,Free
40.8187093522,-73.8628899561,NYPL,Free
40.637585616,-74.1311046151,NYPL,Free
40.834815,-73.940477,LinkNYC Free Wi-Fi,Free
40.730249,-73.986348,LinkNYC Free Wi-Fi,Free
40.717243,-74.001743,LinkNYC Free Wi-Fi,Free
40.716033,-74.00257,LinkNYC Free Wi-Fi,Free
40.731157,-73.985928,LinkNYC Free Wi-Fi,Free
40.730539,-73.986394,LinkNYC Free Wi-Fi,Free
40.79933,-73.96823,LinkNYC Free Wi-Fi,Free
40.730881,-73.985882,LinkNYC Free Wi-Fi,Free
40.72848,-73.987875,LinkNYC Free Wi-Fi,Free
40.786896,-73.977483,LinkNYC Free Wi-Fi,Free
40.72824,-73.987837,LinkNYC Free Wi-Fi,Free
40.728027,-73.987965,LinkNYC Free Wi-Fi,Free
40.726049,-73.989403,LinkNYC Free Wi-Fi,Free
40.725641,-73.989698,LinkNYC Free Wi-Fi,Free
40.721716,-73.993343,LinkNYC Free Wi-Fi,Free
40.798954,-73.968326,LinkNYC Free Wi-Fi,Free
40.788006,-73.976545,LinkNYC Free Wi-Fi,Free
40.800581,-73.967782,LinkNYC Free Wi-Fi,Free
40.797148,-73.96963,LinkNYC Free Wi-Fi,Free
40.830208,-73.947909,LinkNYC Free Wi-Fi,Free
40.785813,-73.978293,LinkNYC Free Wi-Fi,Free
40.799528,-73.943527,LinkNYC Free Wi-Fi,Free
40.717112,-73.999114,LinkNYC Free Wi-Fi,Free
40.829037,-73.948869,LinkNYC Free Wi-Fi,Free
40.829675,-73.947866,LinkNYC Free Wi-Fi,Free
40.78622,-73.977987,LinkNYC Free Wi-Fi,Free
40.830586,-73.947195,LinkNYC Free Wi-Fi,Free
40.717484,-74.001523,LinkNYC Free Wi-Fi,Free
40.786204,-73.977693,LinkNYC Free Wi-Fi,Free
40.830876,-73.946986,LinkNYC Free Wi-Fi,Free
40.836501,-73.942787,LinkNYC Free Wi-Fi,Free
40.718036,-74.001021,LinkNYC Free Wi-Fi,Free
40.717828,-74.000962,LinkNYC Free Wi-Fi,Free
40.786403,-73.9783,LinkNYC Free Wi-Fi,Free
40.720597,-73.994078,LinkNYC Free Wi-Fi,Free
40.796762,-73.970651,LinkNYC Free Wi-Fi,Free
40.834078,-73.940919,LinkNYC Free Wi-Fi,Free
40.830367,-73.943722,LinkNYC Free Wi-Fi,Free
40.805516,-73.966052,LinkNYC Free Wi-Fi,Free
40.764212,-73.984544,LinkNYC Free Wi-Fi,Free
40.799507,-73.939041,LinkNYC Free Wi-Fi,Free
40.791202,-73.944781,LinkNYC Free Wi-Fi,Free
40.827193,-73.946443,LinkNYC Free Wi-Fi,Free
40.827195,-73.946043,LinkNYC Free Wi-Fi,Free
40.832283,-73.942327,LinkNYC Free Wi-Fi,Free
40.791401,-73.973822,LinkNYC Free Wi-Fi,Free
40.832732,-73.942268,LinkNYC Free Wi-Fi,Free
40.833447,-73.94174,LinkNYC Free Wi-Fi,Free
40.790818,-73.97481,LinkNYC Free Wi-Fi,Free
40.833861,-73.941447,LinkNYC Free Wi-Fi,Free
40.834247,-73.941163,LinkNYC Free Wi-Fi,Free
40.764744,-73.98447,LinkNYC Free Wi-Fi,Free
40.814496,-73.95935,LinkNYC Free Wi-Fi,Free
40.821918,-73.95331,LinkNYC Free Wi-Fi,Free
40.795171,-73.971048,LinkNYC Free Wi-Fi,Free
40.79382,-73.972036,LinkNYC Free Wi-Fi,Free
40.719905,-73.994058,LinkNYC Free Wi-Fi,Free
40.803579,-73.966917,LinkNYC Free Wi-Fi,Free
40.794041,-73.972568,LinkNYC Free Wi-Fi,Free
40.804835,-73.965995,LinkNYC Free Wi-Fi,Free
40.716355,-73.991198,LinkNYC Free Wi-Fi,Free
40.813669,-73.95619,LinkNYC Free Wi-Fi,Free
40.818371,-73.952755,LinkNYC Free Wi-Fi,Free
40.764823,-73.984099,LinkNYC Free Wi-Fi,Free
40.825947,-73.946952,LinkNYC Free Wi-Fi,Free
40.824578,-73.952134,LinkNYC Free Wi-Fi,Free
40.791943,-73.973425,LinkNYC Free Wi-Fi,Free
40.822703,-73.953499,LinkNYC Free Wi-Fi,Free
40.764934,-73.984336,LinkNYC Free Wi-Fi,Free
40.790899,-73.974297,LinkNYC Free Wi-Fi,Free
40.759938,-73.987975,LinkNYC Free Wi-Fi,Free
40.802126,-73.967493,LinkNYC Free Wi-Fi,Free
40.734036,-73.991208,LinkNYC Free Wi-Fi,Free
40.777561,-73.954752,LinkNYC Free Wi-Fi,Free
40.772356,-73.958536,LinkNYC Free Wi-Fi,Free
40.765522,-73.983593,LinkNYC Free Wi-Fi,Free
40.772365,-73.958948,LinkNYC Free Wi-Fi,Free
40.772478,-73.958769,LinkNYC Free Wi-Fi,Free
40.817446,-73.915574,LinkNYC Free Wi-Fi,Free
40.773003,-73.958474,LinkNYC Free Wi-Fi,Free
40.772825,-73.958235,LinkNYC Free Wi-Fi,Free
40.773727,-73.957965,LinkNYC Free Wi-Fi,Free
40.815696,-73.947002,LinkNYC Free Wi-Fi,Free
40.783191,-73.980253,LinkNYC Free Wi-Fi,Free
40.774207,-73.957499,LinkNYC Free Wi-Fi,Free
40.77435,-73.95709,LinkNYC Free Wi-Fi,Free
40.774855,-73.956665,LinkNYC Free Wi-Fi,Free
40.776367,-73.955933,LinkNYC Free Wi-Fi,Free
40.776833,-73.955586,LinkNYC Free Wi-Fi,Free
40.772144,-73.958697,LinkNYC Free Wi-Fi,Free
40.765604,-73.983853,LinkNYC Free Wi-Fi,Free
40.770456,-73.959928,LinkNYC Free Wi-Fi,Free
40.766012,-73.983549,LinkNYC Free Wi-Fi,Free
40.760895,-73.986836,LinkNYC Free Wi-Fi,Free
40.762432,-73.986159,LinkNYC Free Wi-Fi,Free
40.759748,-73.988118,LinkNYC Free Wi-Fi,Free
40.760569,-73.987529,LinkNYC Free Wi-Fi,Free
40.759654,-73.987773,LinkNYC Free Wi-Fi,Free
40.762092,-73.965806,LinkNYC Free Wi-Fi,Free
40.762896,-73.965443,LinkNYC Free Wi-Fi,Free
40.770545,-73.960254,LinkNYC Free Wi-Fi,Free
40.763037,-73.965653,LinkNYC Free Wi-Fi,Free
40.767309,-73.96253,LinkNYC Free Wi-Fi,Free
40.767231,-73.962305,LinkNYC Free Wi-Fi,Free
40.767655,-73.961971,LinkNYC Free Wi-Fi,Free
40.767853,-73.962256,LinkNYC Free Wi-Fi,Free
40.768943,-73.960952,LinkNYC Free Wi-Fi,Free
40.77702,-73.955139,LinkNYC Free Wi-Fi,Free
40.732968,-73.986433,LinkNYC Free Wi-Fi,Free
40.828543,-73.949135,LinkNYC Free Wi-Fi,Free
40.777528,-73.955153,LinkNYC Free Wi-Fi,Free
40.82077,-73.954821,LinkNYC Free Wi-Fi,Free
40.820281,-73.955267,LinkNYC Free Wi-Fi,Free
40.805923,-73.965081,LinkNYC Free Wi-Fi,Free
40.75096,-73.974135,LinkNYC Free Wi-Fi,Free
40.805472,-73.965526,LinkNYC Free Wi-Fi,Free
40.803721,-73.967381,LinkNYC Free Wi-Fi,Free
40.802944,-73.967379,LinkNYC Free Wi-Fi,Free
40.825508,-73.950907,LinkNYC Free Wi-Fi,Free
40.82609,-73.950482,LinkNYC Free Wi-Fi,Free
40.827321,-73.950028,LinkNYC Free Wi-Fi,Free
40.827932,-73.949581,LinkNYC Free Wi-Fi,Free
40.802455,-73.968149,LinkNYC Free Wi-Fi,Free
40.761816,-73.986606,LinkNYC Free Wi-Fi,Free
40.82758,-73.949288,LinkNYC Free Wi-Fi,Free
40.828097,-73.949017,LinkNYC Free Wi-Fi,Free
40.822319,-73.953676,LinkNYC Free Wi-Fi,Free
40.822495,-73.953007,LinkNYC Free Wi-Fi,Free
40.823326,-73.953041,LinkNYC Free Wi-Fi,Free
40.778792,-73.953663,LinkNYC Free Wi-Fi,Free
40.802603,-73.956788,LinkNYC Free Wi-Fi,Free
40.778272,-73.954541,LinkNYC Free Wi-Fi,Free
40.825091,-73.951659,LinkNYC Free Wi-Fi,Free
40.778003,-73.954428,LinkNYC Free Wi-Fi,Free
40.7786,-73.95399,LinkNYC Free Wi-Fi,Free
40.778603,-73.953717,LinkNYC Free Wi-Fi,Free
40.779038,-73.95398,LinkNYC Free Wi-Fi,Free
40.808039,-73.964212,LinkNYC Free Wi-Fi,Free
40.779535,-73.953715,LinkNYC Free Wi-Fi,Free
40.779635,-73.953537,LinkNYC Free Wi-Fi,Free
40.780782,-73.9524,LinkNYC Free Wi-Fi,Free
40.781503,-73.952279,LinkNYC Free Wi-Fi,Free
40.824559,-73.951597,LinkNYC Free Wi-Fi,Free
40.807508,-73.964488,LinkNYC Free Wi-Fi,Free
40.785005,-73.978781,LinkNYC Free Wi-Fi,Free
40.758518,-73.968987,LinkNYC Free Wi-Fi,Free
40.782528,-73.980586,LinkNYC Free Wi-Fi,Free
40.688453,-73.98247,LinkNYC Free Wi-Fi,Free
40.686961,-73.976371,LinkNYC Free Wi-Fi,Free
40.744451,-73.931875,LinkNYC Free Wi-Fi,Free
40.715485,-74.002666,LinkNYC Free Wi-Fi,Free
40.733893,-73.991066,LinkNYC Free Wi-Fi,Free
40.73108,-73.985739,LinkNYC Free Wi-Fi,Free
40.729236,-73.987081,LinkNYC Free Wi-Fi,Free
40.728159,-73.988128,LinkNYC Free Wi-Fi,Free
40.72746,-73.988372,LinkNYC Free Wi-Fi,Free
40.726263,-73.989248,LinkNYC Free Wi-Fi,Free
40.726474,-73.989357,LinkNYC Free Wi-Fi,Free
40.759971,-73.984342,LinkNYC Free Wi-Fi,Free
40.76164,-73.982996,LinkNYC Free Wi-Fi,Free
40.762366,-73.982552,LinkNYC Free Wi-Fi,Free
40.764717,-73.980475,LinkNYC Free Wi-Fi,Free
40.764873,-73.980732,LinkNYC Free Wi-Fi,Free
40.793311,-73.971047,LinkNYC Free Wi-Fi,Free
40.793527,-73.970893,LinkNYC Free Wi-Fi,Free
40.687812,-73.981285,LinkNYC Free Wi-Fi,Free
40.670318,-73.958173,LinkNYC Free Wi-Fi,Free
40.794461,-73.971574,LinkNYC Free Wi-Fi,Free
40.669652,-73.958261,LinkNYC Free Wi-Fi,Free
40.799628,-73.967971,LinkNYC Free Wi-Fi,Free
40.826377,-73.950718,LinkNYC Free Wi-Fi,Free
40.825446,-73.947868,LinkNYC Free Wi-Fi,Free
40.825419,-73.947604,LinkNYC Free Wi-Fi,Free
40.561754,-74.112158,LinkNYC Free Wi-Fi,Free
40.570635,-74.109918,LinkNYC Free Wi-Fi,Free
40.572855,-74.114085,LinkNYC Free Wi-Fi,Free
40.706357,-73.792205,LinkNYC Free Wi-Fi,Free
40.706507,-73.792368,LinkNYC Free Wi-Fi,Free
40.713983,-73.830838,LinkNYC Free Wi-Fi,Free
40.682932,-73.963959,LinkNYC Free Wi-Fi,Free
40.67896,-73.924424,LinkNYC Free Wi-Fi,Free
40.679232,-73.927098,LinkNYC Free Wi-Fi,Free
40.678654,-73.916507,LinkNYC Free Wi-Fi,Free
40.678354,-73.911008,LinkNYC Free Wi-Fi,Free
40.678079,-73.908374,LinkNYC Free Wi-Fi,Free
40.6688,-73.958717,LinkNYC Free Wi-Fi,Free
40.794604,-73.969837,LinkNYC Free Wi-Fi,Free
40.795951,-73.968849,LinkNYC Free Wi-Fi,Free
40.79674,-73.968645,LinkNYC Free Wi-Fi,Free
40.796374,-73.968542,LinkNYC Free Wi-Fi,Free
40.73811,-73.885717,LinkNYC Free Wi-Fi,Free
40.757864,-73.985698,LinkNYC Free Wi-Fi,Free
40.757641,-73.985817,LinkNYC Free Wi-Fi,Free
40.756615,-73.986578,LinkNYC Free Wi-Fi,Free
40.774263,-73.980942,LinkNYC Free Wi-Fi,Free
40.773657,-73.981404,LinkNYC Free Wi-Fi,Free
40.77653,-73.983015,LinkNYC Free Wi-Fi,Free
40.766669,-73.979396,LinkNYC Free Wi-Fi,Free
40.764006,-73.984742,LinkNYC Free Wi-Fi,Free
40.763611,-73.984976,LinkNYC Free Wi-Fi,Free
40.749301,-73.974818,LinkNYC Free Wi-Fi,Free
40.725335,-74.007554,LinkNYC Free Wi-Fi,Free
40.748482,-73.996012,LinkNYC Free Wi-Fi,Free
40.729831,-73.986659,LinkNYC Free Wi-Fi,Free
40.731015,-73.988685,LinkNYC Free Wi-Fi,Free
40.731777,-73.988136,LinkNYC Free Wi-Fi,Free
40.717924,-73.994956,LinkNYC Free Wi-Fi,Free
40.679143,-73.925474,LinkNYC Free Wi-Fi,Free
40.817656,-73.953007,LinkNYC Free Wi-Fi,Free
40.809412,-73.959029,LinkNYC Free Wi-Fi,Free
40.815591,-73.954502,LinkNYC Free Wi-Fi,Free
40.797181,-73.96823,LinkNYC Free Wi-Fi,Free
40.797828,-73.967752,LinkNYC Free Wi-Fi,Free
40.827117,-73.949738,LinkNYC Free Wi-Fi,Free
40.809965,-73.958889,LinkNYC Free Wi-Fi,Free
40.810163,-73.958744,LinkNYC Free Wi-Fi,Free
40.810378,-73.958321,LinkNYC Free Wi-Fi,Free
40.81515,-73.954837,LinkNYC Free Wi-Fi,Free
40.8196,-73.951942,LinkNYC Free Wi-Fi,Free
40.803766,-73.936245,LinkNYC Free Wi-Fi,Free
40.82096,-73.950863,LinkNYC Free Wi-Fi,Free
40.57262,-74.113383,LinkNYC Free Wi-Fi,Free
40.563843,-74.116075,LinkNYC Free Wi-Fi,Free
40.818886,-73.929213,LinkNYC Free Wi-Fi,Free
40.831544,-73.922648,LinkNYC Free Wi-Fi,Free
40.867038,-73.896537,LinkNYC Free Wi-Fi,Free
40.866588,-73.895654,LinkNYC Free Wi-Fi,Free
40.796566,-73.970619,LinkNYC Free Wi-Fi,Free
40.790053,-73.974767,LinkNYC Free Wi-Fi,Free
40.781843,-73.980833,LinkNYC Free Wi-Fi,Free
40.817249,-73.915851,LinkNYC Free Wi-Fi,Free
40.804053,-73.952154,LinkNYC Free Wi-Fi,Free
40.805951,-73.950756,LinkNYC Free Wi-Fi,Free
40.817264,-73.942056,LinkNYC Free Wi-Fi,Free
40.816781,-73.942845,LinkNYC Free Wi-Fi,Free
40.814156,-73.944756,LinkNYC Free Wi-Fi,Free
40.812611,-73.945458,LinkNYC Free Wi-Fi,Free
40.806247,-73.95009,LinkNYC Free Wi-Fi,Free
40.822308,-73.942445,LinkNYC Free Wi-Fi,Free
40.761732,-73.968801,LinkNYC Free Wi-Fi,Free
40.76156,-73.96839,LinkNYC Free Wi-Fi,Free
40.760247,-73.973635,LinkNYC Free Wi-Fi,Free
40.763742,-73.971424,LinkNYC Free Wi-Fi,Free
40.701827,-73.807661,LinkNYC Free Wi-Fi,Free
40.701853,-73.806477,LinkNYC Free Wi-Fi,Free
40.703452,-73.800352,LinkNYC Free Wi-Fi,Free
40.704026,-73.798694,LinkNYC Free Wi-Fi,Free
40.703352,-73.799923,LinkNYC Free Wi-Fi,Free
40.795399,-73.969254,LinkNYC Free Wi-Fi,Free
40.86235,-73.893888,LinkNYC Free Wi-Fi,Free
40.867326,-73.897195,LinkNYC Free Wi-Fi,Free
40.803731,-73.936139,LinkNYC Free Wi-Fi,Free
40.781694,-73.980793,LinkNYC Free Wi-Fi,Free
40.781474,-73.980961,LinkNYC Free Wi-Fi,Free
40.780993,-73.981524,LinkNYC Free Wi-Fi,Free
40.780825,-73.981168,LinkNYC Free Wi-Fi,Free
40.780321,-73.981309,LinkNYC Free Wi-Fi,Free
40.779331,-73.981991,LinkNYC Free Wi-Fi,Free
40.779099,-73.982074,LinkNYC Free Wi-Fi,Free
40.778607,-73.98218,LinkNYC Free Wi-Fi,Free
40.777137,-73.981899,LinkNYC Free Wi-Fi,Free
40.776474,-73.982429,LinkNYC Free Wi-Fi,Free
40.77539,-73.981829,LinkNYC Free Wi-Fi,Free
40.774646,-73.982408,LinkNYC Free Wi-Fi,Free
40.764646,-73.984229,LinkNYC Free Wi-Fi,Free
40.774757,-73.982507,LinkNYC Free Wi-Fi,Free
40.774894,-73.982571,LinkNYC Free Wi-Fi,Free
40.774723,-73.982001,LinkNYC Free Wi-Fi,Free
40.765881,-73.963586,LinkNYC Free Wi-Fi,Free
40.705836,-73.793728,LinkNYC Free Wi-Fi,Free
40.705143,-73.795897,LinkNYC Free Wi-Fi,Free
40.705972,-73.793787,LinkNYC Free Wi-Fi,Free
40.702693,-73.801992,LinkNYC Free Wi-Fi,Free
40.787028,-73.977832,LinkNYC Free Wi-Fi,Free
40.787249,-73.97765,LinkNYC Free Wi-Fi,Free
40.699342,-73.992187,LinkNYC Free Wi-Fi,Free
40.697589,-73.993033,LinkNYC Free Wi-Fi,Free
40.726082,-73.852197,LinkNYC Free Wi-Fi,Free
40.726192,-73.852413,LinkNYC Free Wi-Fi,Free
40.728299,-73.858076,LinkNYC Free Wi-Fi,Free
40.734546,-73.874704,LinkNYC Free Wi-Fi,Free
40.738208,-73.886253,LinkNYC Free Wi-Fi,Free
40.741288,-73.904656,LinkNYC Free Wi-Fi,Free
40.742912,-73.91854,LinkNYC Free Wi-Fi,Free
40.743063,-73.920684,LinkNYC Free Wi-Fi,Free
40.743221,-73.921257,LinkNYC Free Wi-Fi,Free
40.743823,-73.926455,LinkNYC Free Wi-Fi,Free
40.743878,-73.926926,LinkNYC Free Wi-Fi,Free
40.744151,-73.929829,LinkNYC Free Wi-Fi,Free
40.744278,-73.930399,LinkNYC Free Wi-Fi,Free
40.785754,-73.978787,LinkNYC Free Wi-Fi,Free
40.785136,-73.979249,LinkNYC Free Wi-Fi,Free
40.785059,-73.978645,LinkNYC Free Wi-Fi,Free
40.769098,-73.961327,LinkNYC Free Wi-Fi,Free
40.703771,-73.799345,LinkNYC Free Wi-Fi,Free
40.703896,-73.799018,LinkNYC Free Wi-Fi,Free
40.703928,-73.79847,LinkNYC Free Wi-Fi,Free
40.704359,-73.797868,LinkNYC Free Wi-Fi,Free
40.704206,-73.797736,LinkNYC Free Wi-Fi,Free
40.704607,-73.796799,LinkNYC Free Wi-Fi,Free
40.704682,-73.796617,LinkNYC Free Wi-Fi,Free
40.770946,-73.959496,LinkNYC Free Wi-Fi,Free
40.784712,-73.979564,LinkNYC Free Wi-Fi,Free
40.769554,-73.981831,LinkNYC Free Wi-Fi,Free
40.769805,-73.981919,LinkNYC Free Wi-Fi,Free
40.769829,-73.982482,LinkNYC Free Wi-Fi,Free
40.776011,-73.981951,LinkNYC Free Wi-Fi,Free
40.776311,-73.981936,LinkNYC Free Wi-Fi,Free
40.78392,-73.979708,LinkNYC Free Wi-Fi,Free
40.78459,-73.979764,LinkNYC Free Wi-Fi,Free
40.798535,-73.969281,LinkNYC Free Wi-Fi,Free
40.751291,-73.991057,LinkNYC Free Wi-Fi,Free
40.764338,-73.984767,LinkNYC Free Wi-Fi,Free
40.782768,-73.951263,LinkNYC Free Wi-Fi,Free
40.802371,-73.956768,LinkNYC Free Wi-Fi,Free
40.818877,-73.914272,LinkNYC Free Wi-Fi,Free
40.833239,-73.945118,LinkNYC Free Wi-Fi,Free
40.743876,-73.979316,LinkNYC Free Wi-Fi,Free
40.743954,-73.979652,LinkNYC Free Wi-Fi,Free
40.743093,-73.979813,LinkNYC Free Wi-Fi,Free
40.782159,-73.951699,LinkNYC Free Wi-Fi,Free
40.783285,-73.950553,LinkNYC Free Wi-Fi,Free
40.746449,-73.977444,LinkNYC Free Wi-Fi,Free
40.784663,-73.949875,LinkNYC Free Wi-Fi,Free
40.785818,-73.949032,LinkNYC Free Wi-Fi,Free
40.787309,-73.947944,LinkNYC Free Wi-Fi,Free
40.789608,-73.946262,LinkNYC Free Wi-Fi,Free
40.790401,-73.945683,LinkNYC Free Wi-Fi,Free
40.790862,-73.945348,LinkNYC Free Wi-Fi,Free
40.791482,-73.944898,LinkNYC Free Wi-Fi,Free
40.745116,-73.978416,LinkNYC Free Wi-Fi,Free
40.746542,-73.977695,LinkNYC Free Wi-Fi,Free
40.791275,-73.944221,LinkNYC Free Wi-Fi,Free
40.861176,-73.89645,LinkNYC Free Wi-Fi,Free
40.751497,-73.973765,LinkNYC Free Wi-Fi,Free
40.853842,-73.909388,LinkNYC Free Wi-Fi,Free
40.751406,-73.974143,LinkNYC Free Wi-Fi,Free
40.75096,-73.974468,LinkNYC Free Wi-Fi,Free
40.750389,-73.974858,LinkNYC Free Wi-Fi,Free
40.750156,-73.974741,LinkNYC Free Wi-Fi,Free
40.748914,-73.975648,LinkNYC Free Wi-Fi,Free
40.748732,-73.97536,LinkNYC Free Wi-Fi,Free
40.747672,-73.976965,LinkNYC Free Wi-Fi,Free
40.853933,-73.907502,LinkNYC Free Wi-Fi,Free
40.748822,-73.976034,LinkNYC Free Wi-Fi,Free
40.860027,-73.893343,LinkNYC Free Wi-Fi,Free
40.732035,-73.984167,LinkNYC Free Wi-Fi,Free
40.748289,-73.976105,LinkNYC Free Wi-Fi,Free
40.74779,-73.976782,LinkNYC Free Wi-Fi,Free
40.80302,-73.956477,LinkNYC Free Wi-Fi,Free
40.819506,-73.913732,LinkNYC Free Wi-Fi,Free
40.792394,-73.944231,LinkNYC Free Wi-Fi,Free
40.792664,-73.97139,LinkNYC Free Wi-Fi,Free
40.792059,-73.972036,LinkNYC Free Wi-Fi,Free
40.835729,-73.940075,LinkNYC Free Wi-Fi,Free
40.740246,-73.982383,LinkNYC Free Wi-Fi,Free
40.739964,-73.982043,LinkNYC Free Wi-Fi,Free
40.740041,-73.982424,LinkNYC Free Wi-Fi,Free
40.736789,-73.984486,LinkNYC Free Wi-Fi,Free
40.823361,-73.948844,LinkNYC Free Wi-Fi,Free
40.736427,-73.984751,LinkNYC Free Wi-Fi,Free
40.736334,-73.985129,LinkNYC Free Wi-Fi,Free
40.740573,-73.981729,LinkNYC Free Wi-Fi,Free
40.735839,-73.985171,LinkNYC Free Wi-Fi,Free
40.802979,-73.967859,LinkNYC Free Wi-Fi,Free
40.800777,-73.946231,LinkNYC Free Wi-Fi,Free
40.816754,-73.922966,LinkNYC Free Wi-Fi,Free
40.719593,-73.989466,LinkNYC Free Wi-Fi,Free
40.732309,-74.006427,LinkNYC Free Wi-Fi,Free
40.751545,-73.990148,LinkNYC Free Wi-Fi,Free
40.796334,-73.938067,LinkNYC Free Wi-Fi,Free
40.740775,-73.981576,LinkNYC Free Wi-Fi,Free
40.792292,-73.943977,LinkNYC Free Wi-Fi,Free
40.801528,-73.937249,LinkNYC Free Wi-Fi,Free
40.793009,-73.943784,LinkNYC Free Wi-Fi,Free
40.794274,-73.942861,LinkNYC Free Wi-Fi,Free
40.794912,-73.942398,LinkNYC Free Wi-Fi,Free
40.797303,-73.940337,LinkNYC Free Wi-Fi,Free
40.797836,-73.940258,LinkNYC Free Wi-Fi,Free
40.797709,-73.940035,LinkNYC Free Wi-Fi,Free
40.798156,-73.940174,LinkNYC Free Wi-Fi,Free
40.801899,-73.93729,LinkNYC Free Wi-Fi,Free
40.741169,-73.981297,LinkNYC Free Wi-Fi,Free
40.802663,-73.93672,LinkNYC Free Wi-Fi,Free
40.80287,-73.93627,LinkNYC Free Wi-Fi,Free
40.803517,-73.93611,LinkNYC Free Wi-Fi,Free
40.796808,-73.937727,LinkNYC Free Wi-Fi,Free
40.742007,-73.98068,LinkNYC Free Wi-Fi,Free
40.834974,-73.945436,LinkNYC Free Wi-Fi,Free
40.800166,-73.944948,LinkNYC Free Wi-Fi,Free
40.818571,-73.914321,LinkNYC Free Wi-Fi,Free
40.688851,-73.980613,LinkNYC Free Wi-Fi,Free
40.687611,-73.9803,LinkNYC Free Wi-Fi,Free
40.760622,-73.984234,LinkNYC Free Wi-Fi,Free
40.745445,-73.998618,LinkNYC Free Wi-Fi,Free
40.75691,-73.969813,LinkNYC Free Wi-Fi,Free
40.757544,-73.989409,LinkNYC Free Wi-Fi,Free
40.757753,-73.989252,LinkNYC Free Wi-Fi,Free
40.760413,-73.984541,LinkNYC Free Wi-Fi,Free
40.760269,-73.984867,LinkNYC Free Wi-Fi,Free
40.760646,-73.98442,LinkNYC Free Wi-Fi,Free
40.76072,-73.984642,LinkNYC Free Wi-Fi,Free
40.747905,-73.996434,LinkNYC Free Wi-Fi,Free
40.760883,-73.984278,LinkNYC Free Wi-Fi,Free
40.763981,-73.982638,LinkNYC Free Wi-Fi,Free
40.764127,-73.98231,LinkNYC Free Wi-Fi,Free
40.764676,-73.982385,LinkNYC Free Wi-Fi,Free
40.750087,-73.987781,LinkNYC Free Wi-Fi,Free
40.733107,-73.987162,LinkNYC Free Wi-Fi,Free
40.733694,-73.987044,LinkNYC Free Wi-Fi,Free
40.763424,-73.985061,LinkNYC Free Wi-Fi,Free
40.74475,-73.998736,LinkNYC Free Wi-Fi,Free
40.861999,-73.891831,LinkNYC Free Wi-Fi,Free
40.760346,-73.967303,LinkNYC Free Wi-Fi,Free
40.758397,-73.968709,LinkNYC Free Wi-Fi,Free
40.758817,-73.96841,LinkNYC Free Wi-Fi,Free
40.75961,-73.968242,LinkNYC Free Wi-Fi,Free
40.759756,-73.968048,LinkNYC Free Wi-Fi,Free
40.760003,-73.967592,LinkNYC Free Wi-Fi,Free
40.759631,-73.967826,LinkNYC Free Wi-Fi,Free
40.760136,-73.967777,LinkNYC Free Wi-Fi,Free
40.760462,-73.967551,LinkNYC Free Wi-Fi,Free
40.744589,-73.999171,LinkNYC Free Wi-Fi,Free
40.761604,-73.966388,LinkNYC Free Wi-Fi,Free
40.739442,-74.002597,LinkNYC Free Wi-Fi,Free
40.742297,-74.00094,LinkNYC Free Wi-Fi,Free
40.767271,-73.982247,LinkNYC Free Wi-Fi,Free
40.743582,-73.999902,LinkNYC Free Wi-Fi,Free
40.744263,-73.999405,LinkNYC Free Wi-Fi,Free
40.744403,-73.998993,LinkNYC Free Wi-Fi,Free
40.73347,-73.987384,LinkNYC Free Wi-Fi,Free
40.733794,-73.986675,LinkNYC Free Wi-Fi,Free
40.734499,-73.98618,LinkNYC Free Wi-Fi,Free
40.75234,-73.987579,LinkNYC Free Wi-Fi,Free
40.737545,-73.996866,LinkNYC Free Wi-Fi,Free
40.755874,-73.971032,LinkNYC Free Wi-Fi,Free
40.734132,-73.989421,LinkNYC Free Wi-Fi,Free
40.762894,-73.983284,LinkNYC Free Wi-Fi,Free
40.75523,-73.971024,LinkNYC Free Wi-Fi,Free
40.75306,-73.987391,LinkNYC Free Wi-Fi,Free
40.754513,-73.971879,LinkNYC Free Wi-Fi,Free
40.748138,-73.988093,LinkNYC Free Wi-Fi,Free
40.742625,-73.980628,LinkNYC Free Wi-Fi,Free
40.745126,-73.988661,LinkNYC Free Wi-Fi,Free
40.744244,-73.989025,LinkNYC Free Wi-Fi,Free
40.754092,-73.97218,LinkNYC Free Wi-Fi,Free
40.753899,-73.972326,LinkNYC Free Wi-Fi,Free
40.753196,-73.972445,LinkNYC Free Wi-Fi,Free
40.743204,-73.989217,LinkNYC Free Wi-Fi,Free
40.752666,-73.972842,LinkNYC Free Wi-Fi,Free
40.755362,-73.971265,LinkNYC Free Wi-Fi,Free
40.756324,-73.970145,LinkNYC Free Wi-Fi,Free
40.734127,-73.989779,LinkNYC Free Wi-Fi,Free
40.73808,-73.998315,LinkNYC Free Wi-Fi,Free
40.748387,-73.976353,LinkNYC Free Wi-Fi,Free
40.74829,-73.976516,LinkNYC Free Wi-Fi,Free
40.758276,-73.969132,LinkNYC Free Wi-Fi,Free
40.739531,-73.982889,LinkNYC Free Wi-Fi,Free
40.734772,-73.986265,LinkNYC Free Wi-Fi,Free
40.73535,-73.98585,LinkNYC Free Wi-Fi,Free
40.735626,-73.985322,LinkNYC Free Wi-Fi,Free
40.750729,-73.974079,LinkNYC Free Wi-Fi,Free
40.760207,-73.967177,LinkNYC Free Wi-Fi,Free
40.736214,-73.9849,LinkNYC Free Wi-Fi,Free
40.745929,-73.997753,LinkNYC Free Wi-Fi,Free
40.737805,-73.998106,LinkNYC Free Wi-Fi,Free
40.756503,-73.970107,LinkNYC Free Wi-Fi,Free
40.738571,-73.999932,LinkNYC Free Wi-Fi,Free
40.738994,-74.000948,LinkNYC Free Wi-Fi,Free
40.721773,-73.989421,LinkNYC Free Wi-Fi,Free
40.766736,-73.969308,LinkNYC Free Wi-Fi,Free
40.762331,-73.985923,LinkNYC Free Wi-Fi,Free
40.746532,-73.984084,LinkNYC Free Wi-Fi,Free
40.811001,-73.95074,LinkNYC Free Wi-Fi,Free
40.807814,-73.945833,LinkNYC Free Wi-Fi,Free
40.808939,-73.948011,LinkNYC Free Wi-Fi,Free
40.8222,-73.942198,LinkNYC Free Wi-Fi,Free
40.798647,-73.941421,LinkNYC Free Wi-Fi,Free
40.811325,-73.952053,LinkNYC Free Wi-Fi,Free
40.749613,-73.975528,LinkNYC Free Wi-Fi,Free
40.754309,-73.988325,LinkNYC Free Wi-Fi,Free
40.809019,-73.948691,LinkNYC Free Wi-Fi,Free
40.758993,-73.968727,LinkNYC Free Wi-Fi,Free
40.749172,-73.991845,LinkNYC Free Wi-Fi,Free
40.747904,-73.992745,LinkNYC Free Wi-Fi,Free
40.748776,-73.988682,LinkNYC Free Wi-Fi,Free
40.760615,-73.97632,LinkNYC Free Wi-Fi,Free
40.732393,-73.991399,LinkNYC Free Wi-Fi,Free
40.735187,-73.989871,LinkNYC Free Wi-Fi,Free
40.808739,-73.952107,LinkNYC Free Wi-Fi,Free
40.822924,-73.941723,LinkNYC Free Wi-Fi,Free
40.73301,-73.986487,LinkNYC Free Wi-Fi,Free
40.815379,-73.947511,LinkNYC Free Wi-Fi,Free
40.802347,-73.956973,LinkNYC Free Wi-Fi,Free
40.816428,-73.942606,LinkNYC Free Wi-Fi,Free
40.861655,-73.898581,LinkNYC Free Wi-Fi,Free
40.861349,-73.898023,LinkNYC Free Wi-Fi,Free
40.862644,-73.903244,LinkNYC Free Wi-Fi,Free
40.860215,-73.89306,LinkNYC Free Wi-Fi,Free
40.820122,-73.943777,LinkNYC Free Wi-Fi,Free
40.81069,-73.950658,LinkNYC Free Wi-Fi,Free
40.816298,-73.946558,LinkNYC Free Wi-Fi,Free
40.805615,-73.950557,LinkNYC Free Wi-Fi,Free
40.809212,-73.948572,LinkNYC Free Wi-Fi,Free
40.808815,-73.948109,LinkNYC Free Wi-Fi,Free
40.854764,-73.911439,LinkNYC Free Wi-Fi,Free
40.816692,-73.919637,LinkNYC Free Wi-Fi,Free
40.817161,-73.916239,LinkNYC Free Wi-Fi,Free
40.816691,-73.946553,LinkNYC Free Wi-Fi,Free
40.732241,-73.985118,LinkNYC Free Wi-Fi,Free
40.731878,-73.983839,LinkNYC Free Wi-Fi,Free
40.737908,-73.997919,LinkNYC Free Wi-Fi,Free
40.759221,-73.988186,LinkNYC Free Wi-Fi,Free
40.754668,-73.991821,LinkNYC Free Wi-Fi,Free
40.755283,-73.991376,LinkNYC Free Wi-Fi,Free
40.7555,-73.991425,LinkNYC Free Wi-Fi,Free
40.755879,-73.990935,LinkNYC Free Wi-Fi,Free
40.758668,-73.988905,LinkNYC Free Wi-Fi,Free
40.758832,-73.988782,LinkNYC Free Wi-Fi,Free
40.759109,-73.988585,LinkNYC Free Wi-Fi,Free
40.739672,-74.002748,LinkNYC Free Wi-Fi,Free
40.753643,-73.992565,LinkNYC Free Wi-Fi,Free
40.76107,-73.987254,LinkNYC Free Wi-Fi,Free
40.777227,-73.982777,LinkNYC Free Wi-Fi,Free
40.761094,-73.986828,LinkNYC Free Wi-Fi,Free
40.739846,-74.002305,LinkNYC Free Wi-Fi,Free
40.739722,-74.002214,LinkNYC Free Wi-Fi,Free
40.762247,-73.986295,LinkNYC Free Wi-Fi,Free
40.762151,-73.986052,LinkNYC Free Wi-Fi,Free
40.754171,-73.991871,LinkNYC Free Wi-Fi,Free
40.775999,-73.983247,LinkNYC Free Wi-Fi,Free
40.81849,-73.914673,LinkNYC Free Wi-Fi,Free
40.766964,-73.982855,LinkNYC Free Wi-Fi,Free
40.747381,-73.986051,LinkNYC Free Wi-Fi,Free
40.720461,-73.994273,LinkNYC Free Wi-Fi,Free
40.721425,-73.993454,LinkNYC Free Wi-Fi,Free
40.773006,-73.958069,LinkNYC Free Wi-Fi,Free
40.776066,-73.983627,LinkNYC Free Wi-Fi,Free
40.766642,-73.983101,LinkNYC Free Wi-Fi,Free
40.766947,-73.98315,LinkNYC Free Wi-Fi,Free
40.754138,-73.992341,LinkNYC Free Wi-Fi,Free
40.75343,-73.992731,LinkNYC Free Wi-Fi,Free
40.747381,-73.997136,LinkNYC Free Wi-Fi,Free
40.749122,-73.995553,LinkNYC Free Wi-Fi,Free
40.767363,-73.982576,LinkNYC Free Wi-Fi,Free
40.749828,-73.995525,LinkNYC Free Wi-Fi,Free
40.75023,-73.995059,LinkNYC Free Wi-Fi,Free
40.752709,-73.992756,LinkNYC Free Wi-Fi,Free
40.752949,-73.992762,LinkNYC Free Wi-Fi,Free
40.802,-73.949222,LinkNYC Free Wi-Fi,Free
40.8216,-73.94271,LinkNYC Free Wi-Fi,Free
40.807779,-73.945253,LinkNYC Free Wi-Fi,Free
40.717664,-73.836262,LinkNYC Free Wi-Fi,Free
40.74597,-73.994038,LinkNYC Free Wi-Fi,Free
40.74862,-73.9925,LinkNYC Free Wi-Fi,Free
40.736387,-73.994742,LinkNYC Free Wi-Fi,Free
40.719215,-73.98985,LinkNYC Free Wi-Fi,Free
40.718602,-73.838184,LinkNYC Free Wi-Fi,Free
40.715758,-73.833513,LinkNYC Free Wi-Fi,Free
40.719293,-73.839741,LinkNYC Free Wi-Fi,Free
40.71317,-73.829803,LinkNYC Free Wi-Fi,Free
40.745126,-73.984639,LinkNYC Free Wi-Fi,Free
40.739528,-73.982489,LinkNYC Free Wi-Fi,Free
40.749339,-73.975188,LinkNYC Free Wi-Fi,Free
40.760651,-73.967084,LinkNYC Free Wi-Fi,Free
40.761086,-73.967078,LinkNYC Free Wi-Fi,Free
40.763057,-73.985826,LinkNYC Free Wi-Fi,Free
40.749537,-73.995245,LinkNYC Free Wi-Fi,Free
40.760625,-73.968675,LinkNYC Free Wi-Fi,Free
40.744742,-73.985367,LinkNYC Free Wi-Fi,Free
40.747118,-73.985242,LinkNYC Free Wi-Fi,Free
40.820797,-73.943287,LinkNYC Free Wi-Fi,Free
40.809269,-73.951709,LinkNYC Free Wi-Fi,Free
40.730271,-74.006626,LinkNYC Free Wi-Fi,Free
40.81795,-73.915323,LinkNYC Free Wi-Fi,Free
40.810075,-73.95125,LinkNYC Free Wi-Fi,Free
40.778484,-73.953205,LinkNYC Free Wi-Fi,Free
40.808988,-73.95213,LinkNYC Free Wi-Fi,Free
40.81487,-73.947892,LinkNYC Free Wi-Fi,Free
40.811968,-73.945903,LinkNYC Free Wi-Fi,Free
40.80944,-73.951847,LinkNYC Free Wi-Fi,Free
40.75049,-73.991134,LinkNYC Free Wi-Fi,Free
40.853764,-73.907899,LinkNYC Free Wi-Fi,Free
40.854352,-73.910235,LinkNYC Free Wi-Fi,Free
40.812661,-73.949502,LinkNYC Free Wi-Fi,Free
40.807325,-73.95281,LinkNYC Free Wi-Fi,Free
40.800438,-73.946465,LinkNYC Free Wi-Fi,Free
40.764243,-73.971206,LinkNYC Free Wi-Fi,Free
40.762486,-73.974719,LinkNYC Free Wi-Fi,Free
40.819568,-73.913388,LinkNYC Free Wi-Fi,Free
40.754846,-73.986363,LinkNYC Free Wi-Fi,Free
40.754494,-73.986941,LinkNYC Free Wi-Fi,Free
40.867627,-73.89873,LinkNYC Free Wi-Fi,Free
40.720483,-73.989033,LinkNYC Free Wi-Fi,Free
40.767364,-73.968865,LinkNYC Free Wi-Fi,Free
40.77497,-73.981079,LinkNYC Free Wi-Fi,Free
40.731834,-73.983691,LinkNYC Free Wi-Fi,Free
40.86063,-73.902369,LinkNYC Free Wi-Fi,Free
40.862314,-73.900316,LinkNYC Free Wi-Fi,Free
40.867828,-73.899576,LinkNYC Free Wi-Fi,Free
40.857756,-73.901091,LinkNYC Free Wi-Fi,Free
40.749663,-73.988006,LinkNYC Free Wi-Fi,Free
40.839445,-73.915848,LinkNYC Free Wi-Fi,Free
40.867362,-73.897624,LinkNYC Free Wi-Fi,Free
40.819886,-73.926847,LinkNYC Free Wi-Fi,Free
40.859153,-73.898553,LinkNYC Free Wi-Fi,Free
40.834189,-73.945451,LinkNYC Free Wi-Fi,Free
40.745986,-73.984492,LinkNYC Free Wi-Fi,Free
40.853881,-73.908662,LinkNYC Free Wi-Fi,Free
40.831467,-73.921747,LinkNYC Free Wi-Fi,Free
40.853042,-73.905553,LinkNYC Free Wi-Fi,Free
40.853157,-73.905403,LinkNYC Free Wi-Fi,Free
40.818942,-73.92837,LinkNYC Free Wi-Fi,Free
40.746624,-73.988399,LinkNYC Free Wi-Fi,Free
40.766175,-73.98199,LinkNYC Free Wi-Fi,Free
40.765828,-73.983364,LinkNYC Free Wi-Fi,Free
40.827828,-73.924842,LinkNYC Free Wi-Fi,Free
40.827355,-73.925223,LinkNYC Free Wi-Fi,Free
40.827549,-73.925904,LinkNYC Free Wi-Fi,Free
40.818897,-73.944659,LinkNYC Free Wi-Fi,Free
40.829657,-73.948426,LinkNYC Free Wi-Fi,Free
40.743381,-73.985963,LinkNYC Free Wi-Fi,Free
40.835586,-73.939589,LinkNYC Free Wi-Fi,Free
40.816698,-73.916511,LinkNYC Free Wi-Fi,Free
40.80007,-73.946762,LinkNYC Free Wi-Fi,Free
40.716649,-73.997648,LinkNYC Free Wi-Fi,Free
40.778415,-73.953046,LinkNYC Free Wi-Fi,Free
40.716869,-73.997578,LinkNYC Free Wi-Fi,Free
40.730232,-73.989263,LinkNYC Free Wi-Fi,Free
40.804279,-73.952533,Harlem Wi-Fi,Free
40.796554,-73.947474,Harlem Wi-Fi,Free
40.810601,-73.950577,Harlem Wi-Fi,Free
40.797893,-73.946259,Harlem Wi-Fi,Free
40.804169,-73.952133,Harlem Wi-Fi,Free
40.806858,-73.949726,Harlem Wi-Fi,Free
40.801137,-73.953778,Harlem Wi-Fi,Free
40.806016,-73.9524,Harlem Wi-Fi,Free
40.805429,-73.942537,Harlem Wi-Fi,Free
40.800479,-73.944696,Harlem Wi-Fi,Free
40.798728,-73.945598,Harlem Wi-Fi,Free
40.797893,-73.948786,Harlem Wi-Fi,Free
40.801527,-73.952822,Harlem Wi-Fi,Free
40.805393,-73.953661,Harlem Wi-Fi,Free
40.802337,-73.956706,Harlem Wi-Fi,Free
40.810975,-73.947029,Harlem Wi-Fi,Free
40.809398,-73.939561,Harlem Wi-Fi,Free
40.808843,-73.950495,Harlem Wi-Fi,Free
40.805302,-73.953054,Harlem Wi-Fi,Free
40.805584,-73.950536,Harlem Wi-Fi,Free
40.81277,-73.93765,Harlem Wi-Fi,Free
40.80623,-73.953922,Harlem Wi-Fi,Free
40.805791,-73.954438,Harlem Wi-Fi,Free
40.804269,-73.955388,Harlem Wi-Fi,Free
40.801294,-73.957722,Harlem Wi-Fi,Free
40.803087,-73.942356,Harlem Wi-Fi,Free
40.804242,-73.94178,Harlem Wi-Fi,Free
40.804958,-73.941374,Harlem Wi-Fi,Free
40.805624,-73.942812,Harlem Wi-Fi,Free
40.806569,-73.944977,Harlem Wi-Fi,Free
40.809576,-73.951689,Harlem Wi-Fi,Free
40.807263,-73.946637,Harlem Wi-Fi,Free
40.805228,-73.947675,Harlem Wi-Fi,Free
40.805058,-73.947815,Harlem Wi-Fi,Free
40.812598,-73.946296,Harlem Wi-Fi,Free
40.797467,-73.950717,Harlem Wi-Fi,Free
40.810014,-73.937553,Harlem Wi-Fi,Free
40.795988,-73.947426,Harlem Wi-Fi,Free
40.808227,-73.952457,Harlem Wi-Fi,Free
40.807543,-73.952793,Harlem Wi-Fi,Free
40.811042,-73.941404,Harlem Wi-Fi,Free
40.798959,-73.952396,Harlem Wi-Fi,Free
40.805097,-73.947042,Harlem Wi-Fi,Free
40.80409,-73.948564,Harlem Wi-Fi,Free
40.809888,-73.939012,Harlem Wi-Fi,Free
40.808338,-73.948989,Harlem Wi-Fi,Free
40.814105,-73.940443,Harlem Wi-Fi,Free
40.815132,-73.939685,Harlem Wi-Fi,Free
40.814563,-73.94003,Harlem Wi-Fi,Free
40.799703,-73.950994,Harlem Wi-Fi,Free
40.812186,-73.947955,Harlem Wi-Fi,Free
40.799435,-73.950994,Harlem Wi-Fi,Free
40.803786,-73.946159,Harlem Wi-Fi,Free
40.801846,-73.945137,Harlem Wi-Fi,Free
40.805974,-73.941244,Harlem Wi-Fi,Free
40.805971,-73.940566,Harlem Wi-Fi,Free
40.815347,-73.947576,Harlem Wi-Fi,Free
40.811568,-73.946537,Harlem Wi-Fi,Free
40.812871,-73.949346,Harlem Wi-Fi,Free
40.806297,-73.943912,Harlem Wi-Fi,Free
40.811684,-73.950042,Harlem Wi-Fi,Free
40.815936,-73.942971,Harlem Wi-Fi,Free
40.812181,-73.937834,Harlem Wi-Fi,Free
40.80349,-73.956094,Harlem Wi-Fi,Free
40.806086,-73.949224,Harlem Wi-Fi,Free
40.806412,-73.952662,Harlem Wi-Fi,Free
40.810178,-73.948924,Harlem Wi-Fi,Free
40.814952,-73.938941,Harlem Wi-Fi,Free
40.811236,-73.936507,Harlem Wi-Fi,Free
40.813713,-73.941262,Harlem Wi-Fi,Free
40.809357,-73.944461,Harlem Wi-Fi,Free
40.813646,-73.940053,Harlem Wi-Fi,Free
40.813434,-73.939112,Harlem Wi-Fi,Free
40.811138,-73.942846,Harlem Wi-Fi,Free
40.809672,-73.944004,Harlem Wi-Fi,Free
40.812491,-73.942248,Harlem Wi-Fi,Free
40.812944,-73.941693,Harlem Wi-Fi,Free
40.815705,-73.939519,Harlem Wi-Fi,Free
40.801951,-73.953554,Harlem Wi-Fi,Free
40.800652,-73.954616,Harlem Wi-Fi,Free
40.811266,-73.950126,Harlem Wi-Fi,Free
40.800546,-73.952427,Harlem Wi-Fi,Free
40.803511,-73.952942,Harlem Wi-Fi,Free
40.798102,-73.950349,Harlem Wi-Fi,Free
40.799928,-73.954549,Harlem Wi-Fi,Free
40.801053,-73.950042,Harlem Wi-Fi,Free
40.796528,-73.948492,Harlem Wi-Fi,Free
40.799151,-73.947499,Harlem Wi-Fi,Free
40.800592,-73.946685,Harlem Wi-Fi,Free
40.80135,-73.945756,Harlem Wi-Fi,Free
40.802684,-73.945158,Harlem Wi-Fi,Free
40.798806,-73.949975,Harlem Wi-Fi,Free
40.802617,-73.943026,Harlem Wi-Fi,Free
40.801832,-73.943462,Harlem Wi-Fi,Free
40.801112,-73.943796,Harlem Wi-Fi,Free
40.797335,-73.946924,Harlem Wi-Fi,Free
40.799721,-73.944932,Harlem Wi-Fi,Free
40.815803,-73.940812,Harlem Wi-Fi,Free
40.802298,-73.952405,Harlem Wi-Fi,Free
40.816677,-73.946392,Harlem Wi-Fi,Free
40.812418,-73.944689,Harlem Wi-Fi,Free
40.81026,-73.93951,Harlem Wi-Fi,Free
40.806413,-73.940149,Harlem Wi-Fi,Free
40.807092,-73.939714,Harlem Wi-Fi,Free
40.814205,-73.936726,Harlem Wi-Fi,Free
40.815114,-73.941112,Harlem Wi-Fi,Free
40.808297,-73.93889,Harlem Wi-Fi,Free
40.808224,-73.940778,Harlem Wi-Fi,Free
40.810532,-73.943671,Harlem Wi-Fi,Free
40.809617,-73.942117,Harlem Wi-Fi,Free
40.811198,-73.943866,Harlem Wi-Fi,Free
40.812037,-73.946231,Harlem Wi-Fi,Free
40.813366,-73.948843,Harlem Wi-Fi,Free
40.812628,-73.945444,Harlem Wi-Fi,Free
40.807594,-73.939065,Harlem Wi-Fi,Free
40.811841,-73.942725,Harlem Wi-Fi,Free
40.816089,-73.946688,Harlem Wi-Fi,Free
40.811575,-73.938453,Harlem Wi-Fi,Free
40.813502,-73.937185,Harlem Wi-Fi,Free
40.809559,-73.943417,Harlem Wi-Fi,Free
40.815693,-73.947008,Harlem Wi-Fi,Free
40.81393,-73.944955,Harlem Wi-Fi,Free
40.812002,-73.936231,Harlem Wi-Fi,Free
40.810795,-73.938925,Harlem Wi-Fi,Free
40.813986,-73.948359,Harlem Wi-Fi,Free
40.813122,-73.944376,Harlem Wi-Fi,Free
40.814125,-73.946993,Harlem Wi-Fi,Free
40.811835,-73.94135,Harlem Wi-Fi,Free
40.674013,-73.934698,GuestWiFi,Limited Free
40.886622,-73.83497,GuestWiFi,Limited Free
40.86473,-73.899037,GuestWiFi,Limited Free
40.86473,-73.899037,GuestWiFi,Limited Free
40.86473,-73.899037,GuestWiFi,Limited Free
40.673801,-73.935166,GuestWiFi,Limited Free
40.67404,-73.935053,GuestWiFi,Limited Free
40.67343,-73.93463,GuestWiFi,Limited Free
40.673866,-73.934717,GuestWiFi,Limited Free
40.885284,-73.838521,GuestWiFi,Limited Free
40.673781,-73.935109,GuestWiFi,Limited Free
40.673755,-73.935014,GuestWiFi,Limited Free
40.673752,-73.934892,GuestWiFi,Limited Free
40.673805,-73.934785,GuestWiFi,Limited Free
40.685043,-73.918933,GuestWiFi,Limited Free
40.888783,-73.840133,GuestWiFi,Limited Free
40.887637,-73.835951,GuestWiFi,Limited Free
40.685032,-73.91907,GuestWiFi,Limited Free
40.673695,-73.934935,GuestWiFi,Limited Free
40.84459,-73.8598,GuestWiFi,Limited Free
40.84459,-73.8598,GuestWiFi,Limited Free
40.657001,-73.963697,GuestWiFi,Limited Free
40.657001,-73.963697,GuestWiFi,Limited Free
40.657001,-73.963697,GuestWiFi,Limited Free
40.657001,-73.963697,GuestWiFi,Limited Free
40.657452,-73.963991,GuestWiFi,Limited Free
40.657452,-73.963991,GuestWiFi,Limited Free
40.657452,-73.963991,GuestWiFi,Limited Free
40.661197,-73.965252,GuestWiFi,Limited Free
40.660842,-73.965121,GuestWiFi,Limited Free
40.673727,-73.934867,GuestWiFi,Limited Free
40.6507,-73.965843,GuestWiFi,Limited Free
40.811544,-73.914138,GuestWiFi,Limited Free
40.68462,-73.78589,GuestWiFi,Limited Free
40.66978,-73.78896,GuestWiFi,Limited Free
40.6714,-73.78861,GuestWiFi,Limited Free
40.67454,-73.78955,GuestWiFi,Limited Free
40.67506,-73.78744,GuestWiFi,Limited Free
40.67486,-73.78412,GuestWiFi,Limited Free
40.67609,-73.78254,GuestWiFi,Limited Free
40.67318,-73.78517,GuestWiFi,Limited Free
40.67268,-73.78678,GuestWiFi,Limited Free
40.68079,-73.78468,GuestWiFi,Limited Free
40.67934,-73.78444,GuestWiFi,Limited Free
40.67662,-73.78695,GuestWiFi,Limited Free
40.67814,-73.78711,GuestWiFi,Limited Free
40.68495,-73.78722,GuestWiFi,Limited Free
40.68301,-73.78482,GuestWiFi,Limited Free
40.811544,-73.914138,GuestWiFi,Limited Free
40.67963,-73.78745,GuestWiFi,Limited Free
40.68053,-73.78747,GuestWiFi,Limited Free
40.68161,-73.78825,GuestWiFi,Limited Free
40.6676,-73.78942,GuestWiFi,Limited Free
40.678334,-73.783477,GuestWiFi,Limited Free
40.57564,-73.98567,GuestWiFi,Limited Free
40.57585,-73.9835,GuestWiFi,Limited Free
40.576111,-73.984734,GuestWiFi,Limited Free
40.811544,-73.914138,GuestWiFi,Limited Free
40.811544,-73.914138,GuestWiFi,Limited Free
40.811544,-73.914138,GuestWiFi,Limited Free
40.811544,-73.914138,GuestWiFi,Limited Free
40.811544,-73.914138,GuestWiFi,Limited Free
40.660469,-73.965168,GuestWiFi,Limited Free
40.771229,-73.80905,GuestWiFi,Limited Free
40.650738,-73.968429,GuestWiFi,Limited Free
40.824131,-73.942464,GuestWiFi,Limited Free
40.592023,-74.138056,GuestWiFi,Limited Free
40.591847,-74.139153,GuestWiFi,Limited Free
40.59203,-74.13812,GuestWiFi,Limited Free
40.71996,-73.981478,GuestWiFi,Limited Free
40.720102,-73.981299,GuestWiFi,Limited Free
40.719789,-73.981466,GuestWiFi,Limited Free
40.720005,-73.981438,GuestWiFi,Limited Free
40.812681,-73.939357,GuestWiFi,Limited Free
40.812681,-73.939357,GuestWiFi,Limited Free
40.812681,-73.939357,GuestWiFi,Limited Free
40.812681,-73.939357,GuestWiFi,Limited Free
40.812681,-73.939357,GuestWiFi,Limited Free
40.812681,-73.939357,GuestWiFi,Limited Free
40.812681,-73.939357,GuestWiFi,Limited Free
40.812681,-73.939357,GuestWiFi,Limited Free
40.733142,-73.870981,GuestWiFi,Limited Free
40.733186,-73.871128,GuestWiFi,Limited Free
40.742094,-73.961265,GuestWiFi,Limited Free
40.741994,-73.961256,GuestWiFi,Limited Free
40.846889,-73.941333,GuestWiFi,Limited Free
40.846472,-73.941722,GuestWiFi,Limited Free
40.8462,-73.941347,GuestWiFi,Limited Free
40.846444,-73.939981,GuestWiFi,Limited Free
40.846686,-73.940883,GuestWiFi,Limited Free
40.846562,-73.94086,GuestWiFi,Limited Free
40.846383,-73.940706,GuestWiFi,Limited Free
40.824778,-73.942178,GuestWiFi,Limited Free
40.824131,-73.942464,GuestWiFi,Limited Free
40.824131,-73.942464,GuestWiFi,Limited Free
40.591904,-74.138573,GuestWiFi,Limited Free
40.59205,-74.139087,GuestWiFi,Limited Free
40.771442,-73.988109,GuestWiFi,Limited Free
40.730544,-73.776718,GuestWiFi,Limited Free
40.57696,-73.94359,GuestWiFi,Limited Free
40.57696,-73.94359,GuestWiFi,Limited Free
40.57687,-73.94459,GuestWiFi,Limited Free
40.70254,-73.923816,GuestWiFi,Limited Free
40.703041,-73.923628,GuestWiFi,Limited Free
40.618237,-74.107213,GuestWiFi,Limited Free
40.618237,-74.107213,GuestWiFi,Limited Free
40.618237,-74.107213,GuestWiFi,Limited Free
40.677193,-74.008723,GuestWiFi,Limited Free
40.677193,-74.008723,GuestWiFi,Limited Free
40.677193,-74.008723,GuestWiFi,Limited Free
40.677193,-74.008723,GuestWiFi,Limited Free
40.73121,-73.774084,GuestWiFi,Limited Free
40.730124,-73.773857,GuestWiFi,Limited Free
40.771442,-73.988109,GuestWiFi,Limited Free
40.730124,-73.773857,GuestWiFi,Limited Free
40.726811,-73.775861,GuestWiFi,Limited Free
40.729869,-73.773841,GuestWiFi,Limited Free
40.730423,-73.777129,GuestWiFi,Limited Free
40.772005,-73.982384,GuestWiFi,Limited Free
40.61299,-74.012924,GuestWiFi,Limited Free
40.730822,-73.884479,GuestWiFi,Limited Free
40.730489,-73.8842,GuestWiFi,Limited Free
40.728838,-73.883751,GuestWiFi,Limited Free
40.771442,-73.988109,GuestWiFi,Limited Free
40.771442,-73.988109,GuestWiFi,Limited Free
40.771442,-73.988109,GuestWiFi,Limited Free
40.771442,-73.988109,GuestWiFi,Limited Free
40.824131,-73.942464,GuestWiFi,Limited Free
40.824131,-73.942464,GuestWiFi,Limited Free
40.57622,-73.94552,GuestWiFi,Limited Free
40.824131,-73.942464,GuestWiFi,Limited Free
40.673349,-74.008235,GuestWiFi,Limited Free
40.673031,-74.00485,GuestWiFi,Limited Free
40.672969,-74.006915,GuestWiFi,Limited Free
40.672214,-74.004145,GuestWiFi,Limited Free
40.671167,-74.003688,GuestWiFi,Limited Free
40.672356,-74.004046,GuestWiFi,Limited Free
40.672413,-74.004303,GuestWiFi,Limited Free
40.672289,-74.003744,GuestWiFi,Limited Free
40.672515,-74.004648,GuestWiFi,Limited Free
40.672413,-74.004303,GuestWiFi,Limited Free
40.773542,-73.981774,GuestWiFi,Limited Free
40.586556,-73.799894,GuestWiFi,Limited Free
40.586541,-73.799973,GuestWiFi,Limited Free
40.584669,-73.811051,GuestWiFi,Limited Free
40.584551,-73.811003,GuestWiFi,Limited Free
40.584614,-73.810694,GuestWiFi,Limited Free
40.584727,-73.810683,GuestWiFi,Limited Free
40.584485,-73.811217,GuestWiFi,Limited Free
40.58305,-73.817686,GuestWiFi,Limited Free
40.582914,-73.817877,GuestWiFi,Limited Free
40.582824,-73.817578,GuestWiFi,Limited Free
40.582957,-73.817185,GuestWiFi,Limited Free
40.583099,-73.816689,GuestWiFi,Limited Free
40.580559,-73.826296,GuestWiFi,Limited Free
40.580467,-73.826272,GuestWiFi,Limited Free
40.580555,-73.825958,GuestWiFi,Limited Free
40.580704,-73.825969,GuestWiFi,Limited Free
40.580352,-73.826621,GuestWiFi,Limited Free
40.579986,-73.829855,GuestWiFi,Limited Free
40.672583,-74.005544,GuestWiFi,Limited Free
40.757418,-73.965084,GuestWiFi,Limited Free
40.757418,-73.965084,GuestWiFi,Limited Free
40.731675,-73.865607,GuestWiFi,Limited Free
40.718812,-73.88536,GuestWiFi,Limited Free
40.720231,-73.877806,GuestWiFi,Limited Free
40.720598,-73.877337,GuestWiFi,Limited Free
40.721026,-73.877935,GuestWiFi,Limited Free
40.71921,-73.885335,GuestWiFi,Limited Free
40.65068,-73.96846,GuestWiFi,Limited Free
40.720508,-73.884938,GuestWiFi,Limited Free
40.718224,-73.882524,GuestWiFi,Limited Free
40.7197,-73.877119,GuestWiFi,Limited Free
40.685616,-73.852882,GuestWiFi,Limited Free
40.686245,-73.853854,GuestWiFi,Limited Free
40.687073,-73.853153,GuestWiFi,Limited Free
40.686889,-73.854035,GuestWiFi,Limited Free
40.732253,-73.865623,GuestWiFi,Limited Free
40.757418,-73.965084,GuestWiFi,Limited Free
40.732686,-73.865119,GuestWiFi,Limited Free
40.731675,-73.865607,GuestWiFi,Limited Free
40.731675,-73.865607,GuestWiFi,Limited Free
40.720079,-73.949511,GuestWiFi,Limited Free
40.720079,-73.949511,GuestWiFi,Limited Free
40.805013,-73.944909,GuestWiFi,Limited Free
40.80501,-73.944885,GuestWiFi,Limited Free
40.805013,-73.944909,GuestWiFi,Limited Free
40.805013,-73.944909,GuestWiFi,Limited Free
40.805013,-73.944909,GuestWiFi,Limited Free
40.805013,-73.944909,GuestWiFi,Limited Free
40.805013,-73.944909,GuestWiFi,Limited Free
40.805013,-73.944909,GuestWiFi,Limited Free
40.5761,-73.94698,GuestWiFi,Limited Free
40.57787,-73.9446,GuestWiFi,Limited Free
40.577878,-73.835788,GuestWiFi,Limited Free
40.74827,-74.002068,GuestWiFi,Limited Free
40.663256,-73.976164,GuestWiFi,Limited Free
40.663019,-73.976292,GuestWiFi,Limited Free
40.663094,-73.976292,GuestWiFi,Limited Free
40.663381,-73.976083,GuestWiFi,Limited Free
40.675979,-73.765364,GuestWiFi,Limited Free
40.679472,-73.770693,GuestWiFi,Limited Free
40.679963,-73.767752,GuestWiFi,Limited Free
40.785958,-73.985075,GuestWiFi,Limited Free
40.71025,-73.99798,GuestWiFi,Limited Free
40.71025,-73.99798,GuestWiFi,Limited Free
40.71025,-73.99798,GuestWiFi,Limited Free
40.71025,-73.99798,GuestWiFi,Limited Free
40.71025,-73.99798,GuestWiFi,Limited Free
40.71025,-73.99798,GuestWiFi,Limited Free
40.739154,-73.737718,GuestWiFi,Limited Free
40.739353,-73.736825,GuestWiFi,Limited Free
40.739547,-73.73592,GuestWiFi,Limited Free
40.739739,-73.735041,GuestWiFi,Limited Free
40.739909,-73.73458,GuestWiFi,Limited Free
40.740214,-73.734311,GuestWiFi,Limited Free
40.75797,-73.825241,GuestWiFi,Limited Free
40.75858,-73.825078,GuestWiFi,Limited Free
40.696675,-73.997656,GuestWiFi,Limited Free
40.696989,-73.997486,GuestWiFi,Limited Free
40.697344,-73.997333,GuestWiFi,Limited Free
40.697669,-73.997183,GuestWiFi,Limited Free
40.698103,-73.996944,GuestWiFi,Limited Free
40.696732,-73.990349,GuestWiFi,Limited Free
40.749908,-74.00089,GuestWiFi,Limited Free
40.74148,-73.98894,GuestWiFi,Limited Free
40.742492,-73.986906,GuestWiFi,Limited Free
40.741875,-73.987364,GuestWiFi,Limited Free
40.74366,-73.81396,GuestWiFi,Limited Free
40.769652,-73.807508,GuestWiFi,Limited Free
40.769536,-73.805968,GuestWiFi,Limited Free
40.770532,-73.805507,GuestWiFi,Limited Free
40.754447,-73.984222,GuestWiFi,Limited Free
40.754317,-73.983094,GuestWiFi,Limited Free
40.753164,-73.983964,GuestWiFi,Limited Free
40.753689,-73.984769,GuestWiFi,Limited Free
40.752776,-73.98164,GuestWiFi,Limited Free
40.68063,-73.995382,GuestWiFi,Limited Free
40.68063,-73.995382,GuestWiFi,Limited Free
40.75141,-73.82472,GuestWiFi,Limited Free
40.75014,-73.82284,GuestWiFi,Limited Free
40.7437,-73.81732,GuestWiFi,Limited Free
40.74549,-73.81357,GuestWiFi,Limited Free
40.7411,-73.987914,GuestWiFi,Limited Free
40.74243,-73.81151,GuestWiFi,Limited Free
40.74849,-73.82121,GuestWiFi,Limited Free
40.74381,-73.80419,GuestWiFi,Limited Free
40.74191,-73.80816,GuestWiFi,Limited Free
40.74589,-73.80342,GuestWiFi,Limited Free
40.74726,-73.80286,GuestWiFi,Limited Free
40.74914,-73.8027,GuestWiFi,Limited Free
40.75,-73.80506,GuestWiFi,Limited Free
40.75017,-73.80719,GuestWiFi,Limited Free
40.74761,-73.8117,GuestWiFi,Limited Free
40.74756,-73.81815,GuestWiFi,Limited Free
40.742378,-73.988692,GuestWiFi,Limited Free
40.7431,-73.9883,GuestWiFi,Limited Free
40.749783,-74.000711,GuestWiFi,Limited Free
40.74827,-74.002068,GuestWiFi,Limited Free
40.57811,-73.94273,GuestWiFi,Limited Free
40.74827,-74.002068,GuestWiFi,Limited Free
40.710818,-73.835528,GuestWiFi,Limited Free
40.709773,-73.835599,GuestWiFi,Limited Free
40.710688,-73.835515,GuestWiFi,Limited Free
40.639278,-74.032091,GuestWiFi,Limited Free
40.639231,-74.031933,GuestWiFi,Limited Free
40.639292,-74.031896,GuestWiFi,Limited Free
40.658662,-73.88777,GuestWiFi,Limited Free
40.658148,-73.88744,GuestWiFi,Limited Free
40.658385,-73.887583,GuestWiFi,Limited Free
40.825696,-73.927311,GuestWiFi,Limited Free
40.825815,-73.927731,GuestWiFi,Limited Free
40.825947,-73.928134,GuestWiFi,Limited Free
40.826103,-73.928537,GuestWiFi,Limited Free
40.826378,-73.929249,GuestWiFi,Limited Free
40.826567,-73.926762,GuestWiFi,Limited Free
40.82707,-73.926461,GuestWiFi,Limited Free
40.827868,-73.926903,GuestWiFi,Limited Free
40.828149,-73.927457,GuestWiFi,Limited Free
40.827902,-73.928356,GuestWiFi,Limited Free
40.827799,-73.928565,GuestWiFi,Limited Free
40.827552,-73.929158,GuestWiFi,Limited Free
40.57776,-73.94556,GuestWiFi,Limited Free
40.57798,-73.94355,GuestWiFi,Limited Free
40.57696,-73.94359,GuestWiFi,Limited Free
40.57687,-73.94459,GuestWiFi,Limited Free
40.57817,-73.94182,GuestWiFi,Limited Free
40.57829,-73.94091,GuestWiFi,Limited Free
40.57843,-73.93907,GuestWiFi,Limited Free
40.57838,-73.93992,GuestWiFi,Limited Free
40.579986,-74.075899,GuestWiFi,Limited Free
40.579581,-74.076359,GuestWiFi,Limited Free
40.578631,-74.076801,GuestWiFi,Limited Free
40.62638,-74.01579,GuestWiFi,Limited Free
40.74827,-74.002068,GuestWiFi,Limited Free
40.74827,-74.002068,GuestWiFi,Limited Free
40.712307,-74.006961,GuestWiFi,Limited Free
40.70935,-74.009903,GuestWiFi,Limited Free
40.618064,-74.108186,GuestWiFi,Limited Free
40.61775,-74.108185,GuestWiFi,Limited Free
40.61775,-74.108185,GuestWiFi,Limited Free
40.720079,-73.949511,GuestWiFi,Limited Free
40.720079,-73.949511,GuestWiFi,Limited Free
40.720079,-73.949511,GuestWiFi,Limited Free
40.625004,-74.017875,GuestWiFi,Limited Free
40.625313,-74.017344,GuestWiFi,Limited Free
40.62588,-74.016509,GuestWiFi,Limited Free
40.626553,-74.016787,GuestWiFi,Limited Free
40.577772,-74.077993,GuestWiFi,Limited Free
40.715088,-73.960502,GuestWiFi,Limited Free
40.715088,-73.960502,GuestWiFi,Limited Free
40.568366,-74.090642,GuestWiFi,Limited Free
40.569365,-74.08949,GuestWiFi,Limited Free
40.570195,-74.088547,GuestWiFi,Limited Free
40.571268,-74.087293,GuestWiFi,Limited Free
40.572313,-74.086013,GuestWiFi,Limited Free
40.573338,-74.084406,GuestWiFi,Limited Free
40.575083,-74.081683,GuestWiFi,Limited Free
40.575748,-74.080677,GuestWiFi,Limited Free
40.576236,-74.079987,GuestWiFi,Limited Free
40.576483,-74.079624,GuestWiFi,Limited Free
40.577222,-74.078581,GuestWiFi,Limited Free
40.577846,-73.835761,GuestWiFi,Limited Free
40.687191,-73.769559,GuestWiFi,Limited Free
40.577898,-73.835601,GuestWiFi,Limited Free
40.517283,-74.190996,GuestWiFi,Limited Free
40.702707,-73.783594,GuestWiFi,Limited Free
40.702057,-73.784529,GuestWiFi,Limited Free
40.702982,-73.785122,GuestWiFi,Limited Free
40.815346,-73.837671,GuestWiFi,Limited Free
40.816412,-73.833998,GuestWiFi,Limited Free
40.818752,-73.82456,GuestWiFi,Limited Free
40.70389,-73.785705,GuestWiFi,Limited Free
40.71025,-73.99798,GuestWiFi,Limited Free
40.71025,-73.99798,GuestWiFi,Limited Free
40.695132,-73.820841,GuestWiFi,Limited Free
40.694624,-73.820593,GuestWiFi,Limited Free
40.695077,-73.822817,GuestWiFi,Limited Free
40.694165,-73.822368,GuestWiFi,Limited Free
40.694095,-73.821334,GuestWiFi,Limited Free
40.517148,-74.189823,GuestWiFi,Limited Free
40.703373,-73.783924,GuestWiFi,Limited Free
40.704265,-73.784562,GuestWiFi,Limited Free
40.598257,-74.00014,GuestWiFi,Limited Free
40.6571,-73.9027,GuestWiFi,Limited Free
40.6562,-73.90257,GuestWiFi,Limited Free
40.6561,-73.9025,GuestWiFi,Limited Free
40.6564,-73.9027,GuestWiFi,Limited Free
40.6567,-73.9028,GuestWiFi,Limited Free
40.657213,-73.901808,GuestWiFi,Limited Free
40.657028,-73.903152,GuestWiFi,Limited Free
40.85398,-73.870472,GuestWiFi,Limited Free
40.5977,-74.00027,GuestWiFi,Limited Free
40.87301,-73.871349,GuestWiFi,Limited Free
40.59815,-74.001135,GuestWiFi,Limited Free
40.597161,-74.001359,GuestWiFi,Limited Free
40.597154,-73.999685,GuestWiFi,Limited Free
40.597176,-74.000282,GuestWiFi,Limited Free
40.597585,-74.001112,GuestWiFi,Limited Free
40.517045,-74.190323,GuestWiFi,Limited Free
40.518167,-74.189765,GuestWiFi,Limited Free
40.6521,-73.90286,GuestWiFi,Limited Free
40.519237,-74.188231,GuestWiFi,Limited Free
40.729564,-74.005462,GuestWiFi,Limited Free
40.729564,-74.005462,GuestWiFi,Limited Free
40.729564,-74.005462,GuestWiFi,Limited Free
40.623001,-73.984689,GuestWiFi,Limited Free
40.623315,-73.985265,GuestWiFi,Limited Free
40.623831,-73.983592,GuestWiFi,Limited Free
40.623457,-73.982884,GuestWiFi,Limited Free
40.87455,-73.86554,GuestWiFi,Limited Free
40.874779,-73.865005,GuestWiFi,Limited Free
40.87322,-73.837825,GuestWiFi,Limited Free
40.872936,-73.838671,GuestWiFi,Limited Free
40.872676,-73.839478,GuestWiFi,Limited Free
40.87364,-73.840586,GuestWiFi,Limited Free
40.874777,-73.839181,GuestWiFi,Limited Free
40.694837,-73.918627,GuestWiFi,Limited Free
40.729564,-74.005462,GuestWiFi,Limited Free
40.732142,-73.998629,GuestWiFi,Limited Free
40.731863,-73.997778,GuestWiFi,Limited Free
40.82059,-73.95969,GuestWiFi,Limited Free
40.74745,-73.909532,GuestWiFi,Limited Free
40.746853,-73.90888,GuestWiFi,Limited Free
40.745691,-73.907408,GuestWiFi,Limited Free
40.746238,-73.909415,GuestWiFi,Limited Free
40.747518,-73.910576,GuestWiFi,Limited Free
40.747454,-73.910588,GuestWiFi,Limited Free
40.818499,-73.95969,GuestWiFi,Limited Free
40.731351,-73.99684,GuestWiFi,Limited Free
40.731844,-73.999042,GuestWiFi,Limited Free
40.730394,-73.998476,GuestWiFi,Limited Free
40.730255,-73.997991,GuestWiFi,Limited Free
40.729856,-73.997476,GuestWiFi,Limited Free
40.730975,-73.996079,GuestWiFi,Limited Free
40.81469,-73.898502,GuestWiFi,Limited Free
40.6561,-73.90276,GuestWiFi,Limited Free
40.6559,-73.90285,GuestWiFi,Limited Free
40.68992,-73.94647,GuestWiFi,Limited Free
40.837184,-73.890395,GuestWiFi,Limited Free
40.573276,-73.979855,GuestWiFi,Limited Free
40.573266,-73.980012,GuestWiFi,Limited Free
40.573253,-73.980143,GuestWiFi,Limited Free
40.573227,-73.980356,GuestWiFi,Limited Free
40.572784,-73.985629,GuestWiFi,Limited Free
40.572675,-73.985618,GuestWiFi,Limited Free
40.572675,-73.985618,GuestWiFi,Limited Free
40.572669,-73.985747,GuestWiFi,Limited Free
40.572669,-73.985747,GuestWiFi,Limited Free
40.572664,-73.986039,GuestWiFi,Limited Free
40.83448,-73.897582,GuestWiFi,Limited Free
40.834623,-73.898171,GuestWiFi,Limited Free
40.835691,-73.900089,GuestWiFi,Limited Free
40.83666,-73.894981,GuestWiFi,Limited Free
40.836972,-73.89377,GuestWiFi,Limited Free
40.57341,-73.980344,GuestWiFi,Limited Free
40.573428,-73.979853,GuestWiFi,Limited Free
40.573384,-73.978937,GuestWiFi,Limited Free
40.574062,-73.977982,GuestWiFi,Limited Free
40.573739,-73.981894,GuestWiFi,Limited Free
40.573218,-73.981827,GuestWiFi,Limited Free
40.573218,-73.981826,GuestWiFi,Limited Free
40.574278,-73.981996,GuestWiFi,Limited Free
40.574582,-73.977901,GuestWiFi,Limited Free
40.574915,-73.977867,GuestWiFi,Limited Free
40.573491,-73.977863,GuestWiFi,Limited Free
40.573384,-73.978937,GuestWiFi,Limited Free
40.573527,-73.977563,GuestWiFi,Limited Free
40.573551,-73.977366,GuestWiFi,Limited Free
40.573551,-73.977366,GuestWiFi,Limited Free
40.573439,-73.978297,GuestWiFi,Limited Free
40.573432,-73.97851,GuestWiFi,Limited Free
40.573381,-73.978872,GuestWiFi,Limited Free
40.837117,-73.89331,GuestWiFi,Limited Free
40.577871,-73.835664,GuestWiFi,Limited Free
40.842327,-73.909734,GuestWiFi,Limited Free
40.837503,-73.894893,GuestWiFi,Limited Free
40.842046,-73.894094,GuestWiFi,Limited Free
40.881477,-73.897951,GuestWiFi,Limited Free
40.816436,-73.838292,GuestWiFi,Limited Free
40.821599,-73.826654,GuestWiFi,Limited Free
40.821068,-73.82621,GuestWiFi,Limited Free
40.820619,-73.825839,GuestWiFi,Limited Free
40.818063,-73.82387,GuestWiFi,Limited Free
40.817732,-73.82368,GuestWiFi,Limited Free
40.816357,-73.837449,GuestWiFi,Limited Free
40.83814,-73.90834,GuestWiFi,Limited Free
40.8377,-73.90848,GuestWiFi,Limited Free
40.84122,-73.90678,GuestWiFi,Limited Free
40.8416,-73.9071,GuestWiFi,Limited Free
40.84112,-73.90548,GuestWiFi,Limited Free
40.841708,-73.909631,GuestWiFi,Limited Free
40.84182,-73.894281,GuestWiFi,Limited Free
40.841693,-73.894399,GuestWiFi,Limited Free
40.841626,-73.892961,GuestWiFi,Limited Free
40.839709,-73.887464,GuestWiFi,Limited Free
40.837539,-73.893658,GuestWiFi,Limited Free
40.837704,-73.890376,GuestWiFi,Limited Free
40.838058,-73.893478,GuestWiFi,Limited Free
40.838217,-73.893388,GuestWiFi,Limited Free
40.838988,-73.888714,GuestWiFi,Limited Free
40.838989,-73.888714,GuestWiFi,Limited Free
40.83971,-73.887757,GuestWiFi,Limited Free
40.8412,-73.8919,GuestWiFi,Limited Free
40.839892,-73.89537,GuestWiFi,Limited Free
40.840107,-73.895219,GuestWiFi,Limited Free
40.840526,-73.895168,GuestWiFi,Limited Free
40.840664,-73.898372,GuestWiFi,Limited Free
40.840706,-73.891398,GuestWiFi,Limited Free
40.84071,-73.896045,GuestWiFi,Limited Free
40.694769,-73.91851,GuestWiFi,Limited Free
40.624244,-73.984404,GuestWiFi,Limited Free
40.824255,-73.89791,GuestWiFi,Limited Free
40.641963,-74.102026,GuestWiFi,Limited Free
40.793669,-73.936816,GuestWiFi,Limited Free
40.793669,-73.936816,GuestWiFi,Limited Free
40.793669,-73.936816,GuestWiFi,Limited Free
40.793669,-73.936816,GuestWiFi,Limited Free
40.793669,-73.936816,GuestWiFi,Limited Free
40.793669,-73.936816,GuestWiFi,Limited Free
40.626579,-74.076173,GuestWiFi,Limited Free
40.62686,-74.075848,GuestWiFi,Limited Free
40.627089,-74.077292,GuestWiFi,Limited Free
40.602349,-73.751402,GuestWiFi,Limited Free
40.602349,-73.751402,GuestWiFi,Limited Free
40.602349,-73.751402,GuestWiFi,Limited Free
40.602349,-73.751402,GuestWiFi,Limited Free
40.643167,-74.102285,GuestWiFi,Limited Free
40.642339,-74.102688,GuestWiFi,Limited Free
40.793305,-73.936759,GuestWiFi,Limited Free
40.793748,-73.936242,GuestWiFi,Limited Free
40.637317,-74.076763,GuestWiFi,Limited Free
40.849233,-73.82105,GuestWiFi,Limited Free
40.846314,-73.824472,GuestWiFi,Limited Free
40.846606,-73.823952,GuestWiFi,Limited Free
40.8471,-73.822992,GuestWiFi,Limited Free
40.847596,-73.82223,GuestWiFi,Limited Free
40.848159,-73.821071,GuestWiFi,Limited Free
40.848322,-73.82075,GuestWiFi,Limited Free
40.828468,-73.9227,GuestWiFi,Limited Free
40.650721,-73.968489,GuestWiFi,Limited Free
40.850208,-73.821752,GuestWiFi,Limited Free
40.850232,-73.821777,GuestWiFi,Limited Free
40.864437,-73.894553,GuestWiFi,Limited Free
40.864458,-73.895115,GuestWiFi,Limited Free
40.864781,-73.894626,GuestWiFi,Limited Free
40.865167,-73.894227,GuestWiFi,Limited Free
40.643782,-74.102245,GuestWiFi,Limited Free
40.641797,-74.102002,GuestWiFi,Limited Free
40.65743,-73.94716,GuestWiFi,Limited Free
40.64382,-74.102404,GuestWiFi,Limited Free
40.687191,-73.769559,GuestWiFi,Limited Free
40.687191,-73.769559,GuestWiFi,Limited Free
40.687191,-73.769559,GuestWiFi,Limited Free
40.687191,-73.769559,GuestWiFi,Limited Free
40.687191,-73.769559,GuestWiFi,Limited Free
40.769751,-73.808748,GuestWiFi,Limited Free
40.687191,-73.769559,GuestWiFi,Limited Free
40.68716,-73.769815,GuestWiFi,Limited Free
40.687262,-73.769814,GuestWiFi,Limited Free
40.595592,-73.747612,GuestWiFi,Limited Free
40.595714,-73.747247,GuestWiFi,Limited Free
40.596197,-73.746262,GuestWiFi,Limited Free
40.596321,-73.745791,GuestWiFi,Limited Free
40.596374,-73.745389,GuestWiFi,Limited Free
40.596479,-73.744988,GuestWiFi,Limited Free
40.687191,-73.769559,GuestWiFi,Limited Free
40.687191,-73.769559,GuestWiFi,Limited Free
40.687191,-73.769559,GuestWiFi,Limited Free
40.644885,-74.101038,GuestWiFi,Limited Free
40.641982,-74.101869,GuestWiFi,Limited Free
40.641798,-74.101846,GuestWiFi,Limited Free
40.645453,-74.103398,GuestWiFi,Limited Free
40.645439,-74.10288,GuestWiFi,Limited Free
40.645317,-74.102285,GuestWiFi,Limited Free
40.645123,-74.101629,GuestWiFi,Limited Free
40.644816,-74.100443,GuestWiFi,Limited Free
40.687191,-73.769559,GuestWiFi,Limited Free
40.624698,-74.114211,GuestWiFi,Limited Free
40.625756,-74.114738,GuestWiFi,Limited Free
40.625382,-74.11457,GuestWiFi,Limited Free
40.687191,-73.769559,GuestWiFi,Limited Free
40.687191,-73.769559,GuestWiFi,Limited Free
40.687191,-73.769559,GuestWiFi,Limited Free
40.65743,-73.94716,GuestWiFi,Limited Free
40.849196,-73.821055,GuestWiFi,Limited Free
40.658,-73.94723,GuestWiFi,Limited Free
40.840657,-73.842668,GuestWiFi,Limited Free
40.876788,-73.876273,GuestWiFi,Limited Free
40.876643,-73.878542,GuestWiFi,Limited Free
40.876855,-73.878874,GuestWiFi,Limited Free
40.876827,-73.878725,GuestWiFi,Limited Free
40.876541,-73.87845,GuestWiFi,Limited Free
40.844141,-73.881968,GuestWiFi,Limited Free
40.844468,-73.88169,GuestWiFi,Limited Free
40.893739,-73.89622,GuestWiFi,Limited Free
40.894246,-73.896288,GuestWiFi,Limited Free
40.846052,-73.82495,GuestWiFi,Limited Free
40.840672,-73.842602,GuestWiFi,Limited Free
40.729564,-74.005462,GuestWiFi,Limited Free
40.840657,-73.842668,GuestWiFi,Limited Free
40.876099,-73.877384,GuestWiFi,Limited Free
40.604383,-73.931063,GuestWiFi,Limited Free
40.606029,-73.928466,GuestWiFi,Limited Free
40.605008,-73.930027,GuestWiFi,Limited Free
40.604068,-73.93076,GuestWiFi,Limited Free
40.604137,-73.93043,GuestWiFi,Limited Free
40.603993,-73.930671,GuestWiFi,Limited Free
40.703308,-73.924087,GuestWiFi,Limited Free
40.702978,-73.924737,GuestWiFi,Limited Free
40.827563,-73.923631,GuestWiFi,Limited Free
40.827441,-73.923008,GuestWiFi,Limited Free
40.827831,-73.922677,GuestWiFi,Limited Free
40.828057,-73.923075,GuestWiFi,Limited Free
40.877001,-73.879322,GuestWiFi,Limited Free
40.878445,-73.87548,GuestWiFi,Limited Free
40.658,-73.94723,GuestWiFi,Limited Free
40.65831,-73.94406,GuestWiFi,Limited Free
40.65831,-73.94406,GuestWiFi,Limited Free
40.8762,-73.878749,GuestWiFi,Limited Free
40.694626,-73.97518,DowntownBrooklynWiFi_Fon,Free
40.696027,-73.988456,DowntownBrooklynWiFi_Fon,Free
40.694555,-73.981679,DowntownBrooklynWiFi_Fon,Free
40.693862,-73.982906,DowntownBrooklynWiFi_Fon,Free
40.693701,-73.982195,DowntownBrooklynWiFi_Fon,Free
40.695038,-73.987331,DowntownBrooklynWiFi_Fon,Free
40.695088,-73.987671,DowntownBrooklynWiFi_Fon,Free
40.695107,-73.988105,DowntownBrooklynWiFi_Fon,Free
40.695038,-73.987331,DowntownBrooklynWiFi_Fon,Free
40.69511,-73.988482,DowntownBrooklynWiFi_Fon,Free
40.694892,-73.975416,DowntownBrooklynWiFi_Fon,Free
40.695544,-73.981648,DowntownBrooklynWiFi_Fon,Free
40.69511,-73.988482,DowntownBrooklynWiFi_Fon,Free
40.695902,-73.987394,DowntownBrooklynWiFi_Fon,Free
40.695921,-73.988118,DowntownBrooklynWiFi_Fon,Free
40.696027,-73.988456,DowntownBrooklynWiFi_Fon,Free
40.694893,-73.98118,DowntownBrooklynWiFi_Fon,Free
40.695317,-73.981155,DowntownBrooklynWiFi_Fon,Free
40.695902,-73.987394,DowntownBrooklynWiFi_Fon,Free
40.69567,-73.979752,DowntownBrooklynWiFi_Fon,Free
40.693509,-73.976981,DowntownBrooklynWiFi_Fon,Free
40.695295,-73.980103,DowntownBrooklynWiFi_Fon,Free
40.694394,-73.975054,DowntownBrooklynWiFi_Fon,Free
40.694557,-73.975336,DowntownBrooklynWiFi_Fon,Free
40.693392,-73.973923,DowntownBrooklynWiFi_Fon,Free
40.694382,-73.974614,DowntownBrooklynWiFi_Fon,Free
40.693724,-73.977351,DowntownBrooklynWiFi_Fon,Free
40.69374,-73.977796,DowntownBrooklynWiFi_Fon,Free
40.69368,-73.977246,DowntownBrooklynWiFi_Fon,Free
40.694868,-73.975024,DowntownBrooklynWiFi_Fon,Free
40.693493,-73.976635,DowntownBrooklynWiFi_Fon,Free
40.693833,-73.982192,DowntownBrooklynWiFi_Fon,Free
40.694623,-73.979909,DowntownBrooklynWiFi_Fon,Free
40.693859,-73.982476,DowntownBrooklynWiFi_Fon,Free
40.693727,-73.982909,DowntownBrooklynWiFi_Fon,Free
40.695009,-73.979547,DowntownBrooklynWiFi_Fon,Free
40.694137,-73.979813,DowntownBrooklynWiFi_Fon,Free
40.69454,-73.979416,DowntownBrooklynWiFi_Fon,Free
40.693442,-73.973193,DowntownBrooklynWiFi_Fon,Free
40.690883,-73.989635,Downtown Brooklyn WiFi,Free
40.689967,-73.992083,Downtown Brooklyn WiFi,Free
40.689906,-73.991944,Downtown Brooklyn WiFi,Free
40.689985,-73.991995,Downtown Brooklyn WiFi,Free
40.690883,-73.989635,Downtown Brooklyn WiFi,Free
40.690883,-73.989635,Downtown Brooklyn WiFi,Free
40.690883,-73.989635,Downtown Brooklyn WiFi,Free
40.690883,-73.989635,Downtown Brooklyn WiFi,Free
40.690883,-73.989635,Downtown Brooklyn WiFi,Free
40.690883,-73.989635,Downtown Brooklyn WiFi,Free
40.690233,-73.981328,Downtown Brooklyn WiFi,Free
40.690622,-73.981414,Downtown Brooklyn WiFi,Free
40.689989,-73.980928,Downtown Brooklyn WiFi,Free
40.689967,-73.981214,Downtown Brooklyn WiFi,Free
40.690022,-73.991897,Downtown Brooklyn WiFi,Free
40.690072,-73.982325,Downtown Brooklyn WiFi,Free
40.690137,-73.983226,Downtown Brooklyn WiFi,Free
40.691569,-73.988711,Downtown Brooklyn WiFi,Free
40.691677,-73.988841,Downtown Brooklyn WiFi,Free
40.69186,-73.988721,Downtown Brooklyn WiFi,Free
40.689997,-73.992,Downtown Brooklyn WiFi,Free
40.689942,-73.982158,Downtown Brooklyn WiFi,Free
40.695578,-73.98397,Downtown Brooklyn WiFi,Free
40.693636,-73.988347,Downtown Brooklyn WiFi,Free
40.69189,-73.982488,Downtown Brooklyn WiFi,Free
40.69189,-73.982488,Downtown Brooklyn WiFi,Free
40.693625,-73.988519,Downtown Brooklyn WiFi,Free
40.693636,-73.988347,Downtown Brooklyn WiFi,Free
40.693636,-73.988347,Downtown Brooklyn WiFi,Free
40.693636,-73.988347,Downtown Brooklyn WiFi,Free
40.693636,-73.988347,Downtown Brooklyn WiFi,Free
40.693636,-73.988347,Downtown Brooklyn WiFi,Free
40.692087,-73.982587,Downtown Brooklyn WiFi,Free
40.693636,-73.988347,Downtown Brooklyn WiFi,Free
40.69401,-73.986706,Downtown Brooklyn WiFi,Free
40.69401,-73.986706,Downtown Brooklyn WiFi,Free
40.69401,-73.986706,Downtown Brooklyn WiFi,Free
40.69401,-73.986706,Downtown Brooklyn WiFi,Free
40.689942,-73.982158,Downtown Brooklyn WiFi,Free
40.691738,-73.988131,Downtown Brooklyn WiFi,Free
40.692087,-73.982587,Downtown Brooklyn WiFi,Free
40.690406,-73.983931,Downtown Brooklyn WiFi,Free
40.693348,-73.987419,Downtown Brooklyn WiFi,Free
40.694693,-73.983849,Downtown Brooklyn WiFi,Free
40.689319,-73.987162,Downtown Brooklyn WiFi,Free
40.689319,-73.987162,Downtown Brooklyn WiFi,Free
40.689924,-73.988117,Downtown Brooklyn WiFi,Free
40.689319,-73.987162,Downtown Brooklyn WiFi,Free
40.690406,-73.983931,Downtown Brooklyn WiFi,Free
40.689319,-73.987162,Downtown Brooklyn WiFi,Free
40.694693,-73.983849,Downtown Brooklyn WiFi,Free
40.693721,-73.983328,Downtown Brooklyn WiFi,Free
40.692723,-73.983025,Downtown Brooklyn WiFi,Free
40.693721,-73.983328,Downtown Brooklyn WiFi,Free
40.69335,-73.985788,Downtown Brooklyn WiFi,Free
40.69335,-73.985788,Downtown Brooklyn WiFi,Free
40.69335,-73.985788,Downtown Brooklyn WiFi,Free
40.686371,-73.978541,Downtown Brooklyn WiFi,Free
40.686371,-73.978541,Downtown Brooklyn WiFi,Free
40.692723,-73.983025,Downtown Brooklyn WiFi,Free
40.691738,-73.988131,Downtown Brooklyn WiFi,Free
40.69401,-73.986706,Downtown Brooklyn WiFi,Free
40.692417,-73.987117,Downtown Brooklyn WiFi,Free
40.692144,-73.986787,Downtown Brooklyn WiFi,Free
40.689334,-73.981975,Downtown Brooklyn WiFi,Free
40.689334,-73.981975,Downtown Brooklyn WiFi,Free
40.685308,-73.974472,Downtown Brooklyn WiFi,Free
40.685308,-73.974472,Downtown Brooklyn WiFi,Free
40.688825,-73.982302,Downtown Brooklyn WiFi,Free
40.688825,-73.982302,Downtown Brooklyn WiFi,Free
40.692417,-73.987117,Downtown Brooklyn WiFi,Free
40.693069,-73.990089,Downtown Brooklyn WiFi,Free
40.693069,-73.990089,Downtown Brooklyn WiFi,Free
40.693069,-73.990089,Downtown Brooklyn WiFi,Free
40.696652,-73.986074,Downtown Brooklyn WiFi,Free
40.696652,-73.986074,Downtown Brooklyn WiFi,Free
40.696652,-73.986074,Downtown Brooklyn WiFi,Free
40.689319,-73.987162,Downtown Brooklyn WiFi,Free
40.690296,-73.987846,Downtown Brooklyn WiFi,Free
40.689319,-73.987162,Downtown Brooklyn WiFi,Free
40.689924,-73.988117,Downtown Brooklyn WiFi,Free
40.692144,-73.986787,Downtown Brooklyn WiFi,Free
40.693069,-73.990089,Downtown Brooklyn WiFi,Free
40.689633,-73.983165,Downtown Brooklyn WiFi,Free
40.690364,-73.984435,Downtown Brooklyn WiFi,Free
40.692023,-73.988433,Downtown Brooklyn WiFi,Free
40.692178,-73.988304,Downtown Brooklyn WiFi,Free
40.692417,-73.987117,Downtown Brooklyn WiFi,Free
40.689633,-73.983165,Downtown Brooklyn WiFi,Free
40.691976,-73.988311,Downtown Brooklyn WiFi,Free
40.692174,-73.988669,Downtown Brooklyn WiFi,Free
40.690364,-73.984435,Downtown Brooklyn WiFi,Free
40.692178,-73.988304,Downtown Brooklyn WiFi,Free
40.689334,-73.981975,Downtown Brooklyn WiFi,Free
40.689334,-73.981975,Downtown Brooklyn WiFi,Free
40.691224,-73.98662,Downtown Brooklyn WiFi,Free
40.691224,-73.98662,Downtown Brooklyn WiFi,Free
40.689633,-73.983165,Downtown Brooklyn WiFi,Free
40.689633,-73.983165,Downtown Brooklyn WiFi,Free
40.689633,-73.983165,Downtown Brooklyn WiFi,Free
40.7402582786,-74.006003738,CICFreeWiFi,Free
40.7422986209,-74.0007090572,CICFreeWiFi,Free
40.7441275609,-74.0050435071,CICFreeWiFi,Free
40.7409980115,-74.0054512019,CICFreeWiFi,Free
40.7439893758,-74.003412724,CICFreeWiFi,Free
40.7415548385,-74.0011113879,CICFreeWiFi,Free
40.7436967487,-74.007017612,CICFreeWiFi,Free
40.7425912548,-74.005064964,CICFreeWiFi,Free
40.7424774535,-74.0029621124,CICFreeWiFi,Free
40.7426075127,-74.0042603013,CICFreeWiFi,Free
40.7444079933,-74.0066367391,CICFreeWiFi,Free
40.7394860202,-74.0062665941,CICFreeWiFi,Free
40.7427538286,-74.0076720715,CICFreeWiFi,Free
40.7418393463,-74.0032571552,CICFreeWiFi,Free
40.7431927759,-74.0073877576,CICFreeWiFi,Free
40.7445703086,-74.0045885368,CICFreeWiFi,Free
40.7427700859,-74.0017175673,CICFreeWiFi,Free
40.7434061518,-74.0052151686,CICFreeWiFi,Free
40.741900312,-74.0018570427,CICFreeWiFi,Free
40.7409492377,-74.0034019945,CICFreeWiFi,Free
40.7431196183,-74.0083050731,CICFreeWiFi,Free
40.7434366339,-74.0036487581,CICFreeWiFi,Free
40.7402745363,-74.0019750591,CICFreeWiFi,Free
40.7418463958,-74.0040446358,CICFreeWiFi,Free
40.7433065761,-74.0080261233,CICFreeWiFi,Free
40.7421021446,-74.0042110753,CICFreeWiFi,Free
40.7432415473,-74.0068030355,CICFreeWiFi,Free
40.7436317201,-74.0059179066,CICFreeWiFi,Free
40.7410467844,-74.001803398,CICFreeWiFi,Free
40.7415832891,-74.0047109131,CICFreeWiFi,Free
40.7537999998,-73.9833000001,BryantPark.org,Partner Site
40.6916230873,-73.951283498,BPLUNWIRED,Free
40.59054439,-73.9718084463,BPLUNWIRED,Free
40.680687107,-73.887239509,BPLUNWIRED,Free
40.576107747,-73.9667748762,BPLUNWIRED,Free
40.6944896983,-73.9777326329,BPLUNWIRED,Free
40.6487169711,-73.9767572777,BPLUNWIRED,Free
40.6258933072,-73.9603144928,BPLUNWIRED,Free
40.6388851668,-73.9890077838,BPLUNWIRED,Free
40.6336257134,-74.0295383519,BPLUNWIRED,Free
40.6956825552,-73.9913479881,BPLUNWIRED,Free
40.6832135153,-73.9980190603,BPLUNWIRED,Free
40.6715266559,-73.9086034329,BPLUNWIRED,Free
40.6611893077,-73.9481022991,BPLUNWIRED,Free
40.6684865101,-73.9336508496,BPLUNWIRED,Free
40.6682166933,-73.9834274329,BPLUNWIRED,Free
40.5926531297,-73.9886820957,BPLUNWIRED,Free
40.6197681963,-73.9332132562,BPLUNWIRED,Free
40.6356942225,-73.9745947088,BPLUNWIRED,Free
40.7069304247,-73.9575546134,BPLUNWIRED,Free
40.6102566673,-73.9531058487,BPLUNWIRED,Free
40.6532640727,-73.8859090476,BPLUNWIRED,Free
40.5948615151,-73.941124923,BPLUNWIRED,Free
40.616308137,-74.0119885202,BPLUNWIRED,Free
40.6486367052,-73.9303739197,BPLUNWIRED,Free
40.6422084532,-73.8995244212,BPLUNWIRED,Free
40.5869999561,-73.9554283575,BPLUNWIRED,Free
40.6752551911,-74.0103512916,BPLUNWIRED,Free
40.6753708519,-73.9485661367,BPLUNWIRED,Free
40.6834588325,-73.9785414755,BPLUNWIRED,Free
40.5913570544,-73.92396467,BPLUNWIRED,Free
40.7260506623,-73.9506902935,BPLUNWIRED,Free
40.6848100477,-73.915132416,BPLUNWIRED,Free
40.6344746052,-73.8893046486,BPLUNWIRED,Free
40.6727060872,-73.8740334898,BPLUNWIRED,Free
40.6974822489,-73.9122106175,BPLUNWIRED,Free
40.5952368631,-73.9605993696,BPLUNWIRED,Free
40.6292120977,-74.0118696682,BPLUNWIRED,Free
40.6357412846,-73.9476200285,BPLUNWIRED,Free
40.651925081,-73.9582421825,BPLUNWIRED,Free
40.6948167,-73.9283986674,BPLUNWIRED,Free
40.6818101974,-73.9561085144,BPLUNWIRED,Free
40.6651593697,-73.8860705368,BPLUNWIRED,Free
40.60800935,-74.0033765451,BPLUNWIRED,Free
40.7045590639,-73.9396184214,BPLUNWIRED,Free
40.6163731106,-74.0313694054,BPLUNWIRED,Free
40.713644888,-73.9479357128,BPLUNWIRED,Free
40.605690343,-73.9862316255,BPLUNWIRED,Free
40.6159160785,-73.9760404894,BPLUNWIRED,Free
40.6873790941,-73.966030666,BPLUNWIRED,Free
40.645912124,-74.0136300012,BPLUNWIRED,Free
40.6723435263,-73.9682243829,BPLUNWIRED,Free
40.6230645344,-73.9894467672,BPLUNWIRED,Free
40.6408035472,-73.9659650781,BPLUNWIRED,Free
40.5766377761,-73.9860619926,BPLUNWIRED,Free
40.619868421,-73.9170212071,BPLUNWIRED,Free
40.6557102014,-73.9149383856,BPLUNWIRED,Free
40.664453793,-73.9052223115,BPLUNWIRED,Free
40.683004902,-73.9348054703,BPLUNWIRED,Free
40.632636993,-73.9199848808,BPLUNWIRED,Free
40.7041015998,-74.0076981,#DwtwnAllianceFreeWiFi,Free
40.7038994,-74.0103988997,#DwtwnAllianceFreeWiFi,Free
40.7048987998,-74.0093001995,#DwtwnAllianceFreeWiFi,Free
40.7047004998,-74.0089035001,#DwtwnAllianceFreeWiFi,Free
40.7047004998,-74.0083008003,#DwtwnAllianceFreeWiFi,Free
40.7051009999,-74.0139008001,#DwtwnAllianceFreeWiFi,Free
40.7041015999,-74.0105971997,#DwtwnAllianceFreeWiFi,Free
40.7043990997,-74.0101012997,#DwtwnAllianceFreeWiFi,Free
40.7065010001,-74.0045012998,#DwtwnAllianceFreeWiFi,Free
40.7042998996,-74.0102005003,#DwtwnAllianceFreeWiFi,Free
40.7079009996,-74.0121993994,#DwtwnAllianceFreeWiFi,Free
40.7086982997,-74.0130997003,#DwtwnAllianceFreeWiFi,Free
40.7130013004,-74.0118027004,#DwtwnAllianceFreeWiFi,Free
40.7132988003,-74.0118026998,#DwtwnAllianceFreeWiFi,Free
40.7081985002,-74.0121002005,#DwtwnAllianceFreeWiFi,Free
40.7080993998,-74.0119018998,#DwtwnAllianceFreeWiFi,Free
40.7080001998,-74.0118027001,#DwtwnAllianceFreeWiFi,Free
40.7062988002,-74.0061035001,#DwtwnAllianceFreeWiFi,Free
40.7051010003,-74.0026015994,#DwtwnAllianceFreeWiFi,Free
40.7070998998,-74.0049973006,#DwtwnAllianceFreeWiFi,Free
40.7023010001,-74.0126038001,#DwtwnAllianceFreeWiFi,Free
40.7033997,-74.0084000005,#DwtwnAllianceFreeWiFi,Free
40.7041016002,-74.0092009996,#DwtwnAllianceFreeWiFi,Free
40.7033004998,-74.0093002002,#DwtwnAllianceFreeWiFi,Free
40.7028998998,-74.0095978002,#DwtwnAllianceFreeWiFi,Free
40.7028008004,-74.0094985998,#DwtwnAllianceFreeWiFi,Free
40.7030983001,-74.0106963996,#DwtwnAllianceFreeWiFi,Free
40.7019005001,-74.0124969005,#DwtwnAllianceFreeWiFi,Free
40.7047997001,-74.0022963999,#DwtwnAllianceFreeWiFi,Free
40.7015990998,-74.0093001995,#DwtwnAllianceFreeWiFi,Free
40.7051009996,-74.0139998997,#DwtwnAllianceFreeWiFi,Free
40.7070998997,-74.0036011004,#DwtwnAllianceFreeWiFi,Free
40.7070006997,-74.0035019003,#DwtwnAllianceFreeWiFi,Free
40.7066001999,-74.0031966998,#DwtwnAllianceFreeWiFi,Free
40.7036018001,-74.0074996996,#DwtwnAllianceFreeWiFi,Free
40.7071990996,-74.0037002996,#DwtwnAllianceFreeWiFi,Free
